game_date,team,opponent,game_result,games_started,minutes_played,FG,FGA,fg_pct,three_p,three_pa,three_p_pct,two_p,two_pa,two_p_pct,efg_pct,FT,FTA,ft_pct,ORB,DRB,TRB,AST,STL,BLK,TOV,PF,PTS,game_score,plus_minus,home_away,minutes_decimal,bbr_id,player_name,season
2025-10-22,MIL,WAS,"W, 133-120",*,26:45,16,26,.615,1,3,.333,15,23,.652,.635,4,7,.571,2,12,14,5,0,0,2,4,37,28.9,10,home,26.75,antetgi01,Giannis Antetokounmpo,2025-26
2025-10-24,MIL,TOR,"W, 122-116",*,37:36,11,14,.786,2,2,1.000,9,12,.750,.857,7,12,.583,7,13,20,7,0,1,5,2,31,32.2,18,away,37.6,antetgi01,Giannis Antetokounmpo,2025-26
2025-10-26,MIL,CLE,"L, 113-118",*,33:18,14,20,.700,1,1,1.000,13,19,.684,.725,11,16,.688,5,9,14,9,2,2,2,1,40,43.1,-5,away,33.3,antetgi01,Giannis Antetokounmpo,2025-26
2025-10-28,MIL,NYK,"W, 121-111",*,33:10,16,22,.727,0,1,.000,16,21,.762,.727,5,7,.714,2,6,8,7,1,2,4,3,37,32.5,18,home,33.166666666666664,antetgi01,Giannis Antetokounmpo,2025-26
2025-11-01,MIL,SAC,"L, 133-135",*,32:11,8,13,.615,1,1,1.000,7,12,.583,.654,9,14,.643,4,7,11,8,1,1,1,3,26,28.1,-1,home,32.18333333333333,antetgi01,Giannis Antetokounmpo,2025-26
2025-11-03,MIL,IND,"W, 117-115",*,31:44,14,21,.667,1,2,.500,13,19,.684,.690,4,9,.444,5,8,13,5,2,0,3,4,33,28.7,8,away,31.73333333333333,antetgi01,Giannis Antetokounmpo,2025-26
2025-11-04,MIL,TOR,"L, 100-128",*,23:43,9,14,.643,0,0,,9,14,.643,.643,4,6,.667,3,5,8,3,0,1,1,3,22,19.2,-8,away,23.716666666666665,antetgi01,Giannis Antetokounmpo,2025-26
2025-11-07,MIL,CHI,"W, 126-110",*,37:17,16,32,.500,1,3,.333,15,29,.517,.516,8,11,.727,4,11,15,9,2,2,4,1,41,35.2,16,home,37.28333333333333,antetgi01,Giannis Antetokounmpo,2025-26
2025-11-09,MIL,HOU,"L, 115-122",*,35:38,14,25,.560,0,1,.000,14,24,.583,.560,9,14,.643,4,4,8,3,0,1,3,0,37,26.9,0,home,35.63333333333333,antetgi01,Giannis Antetokounmpo,2025-26
2025-11-10,MIL,DAL,"W, 116-114",*,37:23,11,18,.611,1,2,.500,10,16,.625,.639,7,12,.583,3,5,8,6,1,3,5,5,30,23.7,12,away,37.38333333333333,antetgi01,Giannis Antetokounmpo,2025-26
2025-11-14,MIL,CHO,"W, 147-134 (OT)",*,40:24,12,18,.667,0,1,.000,12,17,.706,.667,1,3,.333,2,5,7,18,2,1,7,3,25,26.4,18,home,40.4,antetgi01,Giannis Antetokounmpo,2025-26
2025-11-15,MIL,LAL,"L, 95-119",*,31:35,9,15,.600,1,1,1.000,8,14,.571,.633,13,18,.722,5,5,10,5,0,1,5,3,32,26.1,-12,home,31.58333333333333,antetgi01,Giannis Antetokounmpo,2025-26
2025-11-17,MIL,CLE,"L, 106-118",*,13:00,6,10,.600,0,0,,6,10,.600,.600,2,3,.667,2,3,5,4,1,0,4,2,14,10.3,0,away,13.0,antetgi01,Giannis Antetokounmpo,2025-26
2025-11-28,MIL,NYK,"L, 109-118",*,28:05,10,14,.714,0,2,.000,10,12,.833,.714,10,14,.714,2,13,15,8,1,0,3,5,30,29.5,2,away,28.08333333333333,antetgi01,Giannis Antetokounmpo,2025-26
2025-11-29,MIL,BRK,"W, 116-99",*,18:59,12,15,.800,1,2,.500,11,13,.846,.833,4,8,.500,3,5,8,2,2,0,2,2,29,25.9,27,home,18.98333333333333,antetgi01,Giannis Antetokounmpo,2025-26
2025-12-01,MIL,WAS,"L, 126-129",*,31:36,10,17,.588,0,1,.000,10,16,.625,.588,6,11,.545,3,4,7,4,1,1,5,6,26,16.5,-2,away,31.6,antetgi01,Giannis Antetokounmpo,2025-26
2025-12-03,MIL,DET,"W, 113-109",*,03:00,0,0,,0,0,,0,0,,,2,2,1.000,0,1,1,1,0,0,0,0,2,3.0,-6,home,3.0,antetgi01,Giannis Antetokounmpo,2025-26
2025-12-27,MIL,CHI,"W, 112-103",*,24:42,10,15,.667,1,3,.333,9,12,.750,.700,8,10,.800,1,7,8,1,1,1,2,2,29,24.1,13,away,24.7,antetgi01,Giannis Antetokounmpo,2025-26
2025-12-29,MIL,CHO,"W, 123-113",*,25:17,11,16,.688,0,1,.000,11,15,.733,.688,2,4,.500,2,2,4,7,1,0,2,3,24,21.1,4,away,25.28333333333333,antetgi01,Giannis Antetokounmpo,2025-26
2025-12-31,MIL,WAS,"L, 113-114",*,28:25,12,21,.571,0,1,.000,12,20,.600,.571,9,14,.643,5,10,15,3,0,0,6,3,33,22.5,-4,home,28.416666666666668,antetgi01,Giannis Antetokounmpo,2025-26
2026-01-02,MIL,CHO,"W, 122-121",*,29:50,11,18,.611,0,0,,11,18,.611,.611,8,8,1.000,2,8,10,5,1,0,3,1,30,26.7,21,home,29.83333333333333,antetgi01,Giannis Antetokounmpo,2025-26
2026-01-04,MIL,SAC,"W, 115-98",*,31:37,13,17,.765,0,0,,13,17,.765,.765,11,13,.846,3,8,11,1,0,0,3,2,37,30.9,17,away,31.616666666666667,antetgi01,Giannis Antetokounmpo,2025-26
2026-01-07,MIL,GSW,"L, 113-120",*,30:56,15,22,.682,2,4,.500,13,18,.722,.727,2,7,.286,2,8,10,5,0,0,2,4,34,26.3,3,away,30.933333333333334,antetgi01,Giannis Antetokounmpo,2025-26
2026-01-09,MIL,LAL,"W, 105-101",*,30:48,9,11,.818,0,0,,9,11,.818,.818,3,4,.750,4,2,6,5,2,2,4,2,21,22.0,6,away,30.8,antetgi01,Giannis Antetokounmpo,2025-26
2026-01-11,MIL,DEN,"L, 104-108",*,33:00,10,17,.588,1,3,.333,9,14,.643,.618,10,14,.714,1,7,8,11,1,2,2,3,31,31.2,16,away,33.0,antetgi01,Giannis Antetokounmpo,2025-26
2026-01-13,MIL,MIN,"L, 106-139",*,30:59,9,13,.692,0,1,.000,9,12,.750,.692,7,14,.500,0,8,8,5,1,0,7,4,25,15.0,-11,home,30.98333333333333,antetgi01,Giannis Antetokounmpo,2025-26
2026-01-15,MIL,SAS,"L, 101-119",*,22:00,7,12,.583,1,1,1.000,6,11,.545,.625,6,9,.667,2,3,5,1,2,0,3,1,21,15.8,-31,away,22.0,antetgi01,Giannis Antetokounmpo,2025-26
2026-01-19,MIL,ATL,"W, 112-110",*,29:37,7,12,.583,0,1,.000,7,11,.636,.583,7,12,.583,3,14,17,6,1,1,3,3,21,21.4,-8,away,29.616666666666667,antetgi01,Giannis Antetokounmpo,2025-26
2026-01-21,MIL,OKC,"L, 102-122",*,31:29,8,11,.727,0,0,,8,11,.727,.727,3,6,.500,2,12,14,7,1,0,3,2,19,20.4,-11,home,31.48333333333333,antetgi01,Giannis Antetokounmpo,2025-26
2026-01-23,MIL,DEN,"L, 100-102",*,32:10,4,8,.500,0,0,,4,8,.500,.500,14,16,.875,1,12,13,7,0,0,4,1,22,22.0,6,home,32.166666666666664,antetgi01,Giannis Antetokounmpo,2025-26
2026-03-02,MIL,BOS,"L, 81-108",*,25:29,7,18,.389,0,2,.000,7,16,.438,.389,5,7,.714,4,7,11,2,0,1,3,1,19,12.0,-16,home,25.48333333333333,antetgi01,Giannis Antetokounmpo,2025-26
2026-03-04,MIL,ATL,"L, 113-131",*,26:13,10,15,.667,0,0,,10,15,.667,.667,4,8,.500,1,4,5,4,1,0,2,0,24,19.6,-24,home,26.216666666666665,antetgi01,Giannis Antetokounmpo,2025-26
2026-03-07,MIL,UTA,"W, 113-99",*,27:02,9,14,.643,0,2,.000,9,12,.750,.643,9,15,.600,1,8,9,8,4,0,2,1,27,28.7,23,home,27.03333333333333,antetgi01,Giannis Antetokounmpo,2025-26
2026-03-10,MIL,PHO,"L, 114-129",*,31:58,10,18,.556,0,1,.000,10,17,.588,.556,2,5,.400,2,4,6,3,1,0,4,3,22,12.7,-12,home,31.966666666666665,antetgi01,Giannis Antetokounmpo,2025-26
2026-03-12,MIL,MIA,"L, 105-112",*,29:11,12,24,.500,0,2,.000,12,22,.545,.500,7,11,.636,0,6,6,3,1,1,3,2,31,19.2,-8,away,29.183333333333334,antetgi01,Giannis Antetokounmpo,2025-26
2026-03-15,MIL,IND,"W, 134-123",*,23:08,11,22,.500,0,0,,11,22,.500,.500,9,13,.692,6,8,14,8,0,0,1,1,31,29.2,17,home,23.133333333333333,antetgi01,Giannis Antetokounmpo,2025-26
2025-10-22,POR,MIN,"L, 114-118",*,32:59,6,16,.375,0,6,.000,6,10,.600,.375,8,10,.800,0,7,7,1,0,1,2,2,20,11.1,-2,home,32.983333333333334,avdijde01,Deni Avdija,2025-26
2025-10-24,POR,GSW,"W, 139-119",*,29:29,11,18,.611,4,6,.667,7,12,.583,.722,0,0,,2,3,5,6,0,0,3,4,26,19.7,16,home,29.48333333333333,avdijde01,Deni Avdija,2025-26
2025-10-26,POR,LAC,"L, 107-114",*,32:50,7,16,.438,3,7,.429,4,9,.444,.531,6,7,.857,1,6,7,5,1,0,5,2,23,15.4,-6,away,32.833333333333336,avdijde01,Deni Avdija,2025-26
2025-10-27,POR,LAL,"W, 122-108",*,32:24,8,17,.471,5,8,.625,3,9,.333,.618,4,4,1.000,1,3,4,4,1,3,3,2,25,20.0,-2,away,32.4,avdijde01,Deni Avdija,2025-26
2025-10-29,POR,UTA,"W, 136-134",*,34:03,6,12,.500,0,5,.000,6,7,.857,.500,7,10,.700,2,7,9,5,1,1,6,3,19,13.3,6,away,34.05,avdijde01,Deni Avdija,2025-26
2025-10-31,POR,DEN,"W, 109-107",*,32:33,7,13,.538,2,4,.500,5,9,.556,.615,7,9,.778,1,3,4,4,0,0,4,5,23,14.3,17,home,32.55,avdijde01,Deni Avdija,2025-26
2025-11-03,POR,LAL,"L, 115-123",*,36:12,10,20,.500,3,9,.333,7,11,.636,.575,10,11,.909,1,5,6,2,1,1,5,2,33,22.1,-2,home,36.2,avdijde01,Deni Avdija,2025-26
2025-11-05,POR,OKC,"W, 121-119",*,36:52,5,17,.294,1,5,.200,4,12,.333,.324,15,16,.938,3,7,10,9,2,1,3,3,26,24.7,6,home,36.86666666666667,avdijde01,Deni Avdija,2025-26
2025-11-08,POR,MIA,"L, 131-136",*,36:33,12,21,.571,3,9,.333,9,12,.750,.643,6,7,.857,1,10,11,8,0,1,3,5,33,27.7,24,away,36.55,avdijde01,Deni Avdija,2025-26
2025-11-10,POR,ORL,"L, 112-115",*,35:07,7,18,.389,4,9,.444,3,9,.333,.500,9,10,.900,1,4,5,5,0,1,2,5,27,18.9,-11,away,35.11666666666667,avdijde01,Deni Avdija,2025-26
2025-11-12,POR,NOP,"W, 125-117",*,34:56,12,18,.667,4,8,.500,8,10,.800,.778,4,5,.800,0,1,1,2,1,0,0,5,32,24.5,16,away,34.93333333333333,avdijde01,Deni Avdija,2025-26
2025-11-14,POR,HOU,"L, 116-140",*,30:18,7,15,.467,2,5,.400,5,10,.500,.533,6,7,.857,2,8,10,4,0,0,7,4,22,11.9,-14,away,30.3,avdijde01,Deni Avdija,2025-26
2025-11-16,POR,DAL,"L, 133-138 (OT)",*,39:07,10,20,.500,2,7,.286,8,13,.615,.550,7,7,1.000,2,4,6,7,0,2,4,6,29,21.5,-11,away,39.11666666666667,avdijde01,Deni Avdija,2025-26
2025-11-18,POR,PHO,"L, 110-127",*,29:11,7,17,.412,2,6,.333,5,11,.455,.471,3,4,.750,1,4,5,5,0,0,1,2,19,13.1,-23,home,29.183333333333334,avdijde01,Deni Avdija,2025-26
2025-11-19,POR,CHI,"L, 121-122",*,37:30,11,22,.500,3,7,.429,8,15,.533,.568,7,12,.583,1,10,11,11,2,1,3,2,32,29.3,6,home,37.5,avdijde01,Deni Avdija,2025-26
2025-11-21,POR,GSW,"W, 127-123",*,39:31,6,14,.429,2,7,.286,4,7,.571,.500,12,13,.923,2,4,6,13,0,0,6,1,26,23.5,2,away,39.516666666666666,avdijde01,Deni Avdija,2025-26
2025-11-23,POR,OKC,"L, 95-122",*,23:46,4,16,.250,1,8,.125,3,8,.375,.281,2,3,.667,1,4,5,1,1,0,2,2,11,1.8,-4,away,23.766666666666666,avdijde01,Deni Avdija,2025-26
2025-11-24,POR,MIL,"W, 115-103",*,31:23,6,13,.462,5,7,.714,1,6,.167,.654,5,8,.625,0,4,4,5,0,1,4,3,22,14.3,-1,away,31.383333333333333,avdijde01,Deni Avdija,2025-26
2025-11-26,POR,SAS,"L, 102-115",*,39:42,12,19,.632,5,8,.625,7,11,.636,.763,8,14,.571,2,4,6,8,0,1,6,4,37,27.4,-7,home,39.7,avdijde01,Deni Avdija,2025-26
2025-11-30,POR,OKC,"L, 115-123",*,37:11,6,14,.429,0,4,.000,6,10,.600,.429,19,23,.826,3,16,19,10,1,0,1,1,31,35.5,4,home,37.18333333333333,avdijde01,Deni Avdija,2025-26
2025-12-02,POR,TOR,"L, 118-121",*,37:21,6,15,.400,3,7,.429,3,8,.375,.500,10,15,.667,0,8,8,14,0,0,4,2,25,22.3,11,away,37.35,avdijde01,Deni Avdija,2025-26
2025-12-03,POR,CLE,"W, 122-110",*,35:55,5,10,.500,1,5,.200,4,5,.800,.550,16,17,.941,0,8,8,7,1,0,4,4,27,24.3,12,away,35.916666666666664,avdijde01,Deni Avdija,2025-26
2025-12-05,POR,DET,"L, 116-122",*,38:21,9,16,.563,3,7,.429,6,9,.667,.656,14,15,.933,2,7,9,7,1,0,4,4,35,30.8,4,away,38.35,avdijde01,Deni Avdija,2025-26
2025-12-07,POR,MEM,"L, 96-119",*,30:43,7,14,.500,2,4,.500,5,10,.500,.571,1,3,.333,1,6,7,7,3,1,5,5,17,13.3,-17,away,30.716666666666665,avdijde01,Deni Avdija,2025-26
2025-12-11,POR,NOP,"L, 120-143",*,31:57,5,15,.333,1,5,.200,4,10,.400,.367,5,7,.714,0,6,6,6,1,2,2,1,16,12.7,-12,away,31.95,avdijde01,Deni Avdija,2025-26
2025-12-14,POR,GSW,"W, 136-131",*,32:32,6,16,.375,2,4,.500,4,12,.333,.438,12,13,.923,0,7,7,8,1,0,4,2,26,20.7,-3,home,32.53333333333333,avdijde01,Deni Avdija,2025-26
2025-12-18,POR,SAC,"W, 134-133 (OT)",*,42:13,12,19,.632,1,5,.200,11,14,.786,.658,10,12,.833,1,4,5,5,1,0,5,2,35,26.3,4,home,42.21666666666667,avdijde01,Deni Avdija,2025-26
2025-12-20,POR,SAC,"W, 98-93",*,40:10,6,18,.333,3,9,.333,3,9,.333,.417,9,10,.900,0,7,7,11,1,0,5,5,24,17.2,16,away,40.16666666666666,avdijde01,Deni Avdija,2025-26
2025-12-22,POR,DET,"L, 102-110",*,38:55,4,12,.333,1,4,.250,3,8,.375,.375,9,15,.600,0,8,8,9,0,1,3,1,18,14.8,-7,home,38.91666666666666,avdijde01,Deni Avdija,2025-26
2025-12-23,POR,ORL,"L, 106-110",*,36:32,10,25,.400,2,6,.333,8,19,.421,.440,3,4,.750,0,6,6,8,2,0,4,3,25,15.3,-4,home,36.53333333333333,avdijde01,Deni Avdija,2025-26
2025-12-26,POR,LAC,"L, 103-119",*,39:19,10,18,.556,2,7,.286,8,11,.727,.611,7,8,.875,1,8,9,9,0,1,7,3,29,21.9,-22,home,39.31666666666667,avdijde01,Deni Avdija,2025-26
2025-12-28,POR,BOS,"W, 114-108",*,38:44,8,16,.500,3,10,.300,5,6,.833,.594,5,10,.500,1,6,7,10,2,1,5,1,24,20.8,8,home,38.73333333333333,avdijde01,Deni Avdija,2025-26
2025-12-29,POR,DAL,"W, 125-122",*,39:00,9,18,.500,1,6,.167,8,12,.667,.528,8,12,.667,0,9,9,11,2,0,6,4,27,21.2,5,home,39.0,avdijde01,Deni Avdija,2025-26
2025-12-31,POR,OKC,"L, 95-124",*,31:56,5,14,.357,1,4,.250,4,10,.400,.393,6,7,.857,0,7,7,7,2,1,7,1,17,11.1,-22,away,31.933333333333334,avdijde01,Deni Avdija,2025-26
2026-01-02,POR,NOP,"W, 122-109",*,38:24,10,19,.526,3,5,.600,7,14,.500,.605,11,14,.786,3,4,7,11,1,1,2,4,34,32.6,14,away,38.4,avdijde01,Deni Avdija,2025-26
2026-01-03,POR,SAS,"W, 115-110",*,38:50,9,22,.409,3,6,.500,6,16,.375,.477,8,11,.727,3,7,10,10,0,1,2,2,29,25.1,10,away,38.833333333333336,avdijde01,Deni Avdija,2025-26
2026-01-05,POR,UTA,"W, 137-117",*,28:46,10,19,.526,4,10,.400,6,9,.667,.632,9,10,.900,0,8,8,9,0,0,2,0,33,30.0,23,home,28.766666666666666,avdijde01,Deni Avdija,2025-26
2026-01-07,POR,HOU,"W, 103-102",*,39:08,13,24,.542,2,9,.222,11,15,.733,.583,13,15,.867,0,6,6,2,1,0,5,1,41,27.4,0,home,39.13333333333333,avdijde01,Deni Avdija,2025-26
2026-01-09,POR,HOU,"W, 111-105",*,35:49,5,15,.333,2,6,.333,3,9,.333,.400,8,8,1.000,1,2,3,6,2,0,5,1,20,13.6,3,home,35.81666666666667,avdijde01,Deni Avdija,2025-26
2026-01-11,POR,NYK,"L, 114-123",*,38:05,8,17,.471,1,5,.200,7,12,.583,.500,8,10,.800,0,5,5,4,3,1,5,2,25,17.7,-13,home,38.083333333333336,avdijde01,Deni Avdija,2025-26
2026-01-18,POR,SAC,"W, 117-110",*,31:46,10,18,.556,2,6,.333,8,12,.667,.611,8,8,1.000,1,7,8,8,0,1,3,1,30,27.1,4,away,31.766666666666666,avdijde01,Deni Avdija,2025-26
2026-01-22,POR,MIA,"W, 127-110",*,17:47,6,11,.545,2,5,.400,4,6,.667,.636,6,6,1.000,3,4,7,4,0,0,3,3,20,16.6,3,home,17.783333333333335,avdijde01,Deni Avdija,2025-26
2026-01-27,POR,WAS,"L, 111-115",*,30:44,6,14,.429,3,5,.600,3,9,.333,.536,2,6,.333,4,8,12,3,0,1,6,1,17,9.6,-9,away,30.73333333333333,avdijde01,Deni Avdija,2025-26
2026-01-30,POR,NYK,"L, 97-127",*,28:27,4,14,.286,1,6,.167,3,8,.375,.321,2,3,.667,0,5,5,3,0,1,4,1,11,2.3,-20,away,28.45,avdijde01,Deni Avdija,2025-26
2026-02-09,POR,PHI,"W, 135-118",*,26:36,8,16,.500,2,7,.286,6,9,.667,.563,8,10,.800,4,6,10,8,2,1,1,2,26,28.3,12,home,26.6,avdijde01,Deni Avdija,2025-26
2026-02-11,POR,MIN,"L, 109-133",*,26:54,3,14,.214,0,7,.000,3,7,.429,.214,5,5,1.000,1,4,5,3,1,0,5,3,11,1.2,-32,away,26.9,avdijde01,Deni Avdija,2025-26
2026-02-20,POR,DEN,"L, 103-157",*,30:22,5,10,.500,0,4,.000,5,6,.833,.500,5,7,.714,0,8,8,13,0,0,6,4,15,13.1,-34,home,30.366666666666667,avdijde01,Deni Avdija,2025-26
2026-02-22,POR,PHO,"W, 92-77",*,00:59,0,0,,0,0,,0,0,,,0,0,,0,0,0,0,0,0,0,0,0,0.0,0,away,0.9833333333333332,avdijde01,Deni Avdija,2025-26
2026-03-08,POR,IND,"W, 131-111",*,24:39,6,16,.375,0,4,.000,6,12,.500,.375,6,6,1.000,1,4,5,8,0,3,1,1,18,17.4,3,home,24.65,avdijde01,Deni Avdija,2025-26
2026-03-10,POR,CHO,"L, 101-103",*,34:23,8,18,.444,2,5,.400,6,13,.462,.500,4,5,.800,2,2,4,7,1,0,3,3,22,15.9,-2,home,34.38333333333333,avdijde01,Deni Avdija,2025-26
2026-03-13,POR,UTA,"W, 124-114",*,32:12,7,9,.778,0,2,.000,7,7,1.000,.778,3,3,1.000,2,4,6,8,2,1,5,3,17,18.2,0,home,32.2,avdijde01,Deni Avdija,2025-26
2026-03-15,POR,PHI,"L, 103-109",*,38:13,7,19,.368,2,12,.167,5,7,.714,.421,9,11,.818,0,6,6,9,1,1,7,0,25,16.5,2,away,38.21666666666667,avdijde01,Deni Avdija,2025-26
2026-03-16,POR,BRK,"W, 114-95",*,33:34,4,13,.308,1,4,.250,3,9,.333,.346,9,12,.750,0,6,6,5,1,1,4,3,18,11.1,22,away,33.56666666666667,avdijde01,Deni Avdija,2025-26
2026-03-18,POR,IND,"W, 127-119",*,31:36,9,21,.429,1,6,.167,8,15,.533,.452,13,16,.813,2,9,11,5,0,1,5,2,32,22.2,10,away,31.6,avdijde01,Deni Avdija,2025-26
2026-03-20,POR,MIN,"W, 108-104",*,36:10,7,18,.389,2,5,.400,5,13,.385,.444,9,11,.818,3,5,8,5,0,0,4,3,25,16.3,-1,away,36.16666666666666,avdijde01,Deni Avdija,2025-26
2026-03-22,POR,DEN,"L, 112-128",*,32:55,7,17,.412,2,7,.286,5,10,.500,.471,7,8,.875,2,4,6,14,0,0,3,3,23,21.7,-24,away,32.916666666666664,avdijde01,Deni Avdija,2025-26
2026-03-23,POR,BRK,"W, 134-99",*,20:53,4,10,.400,0,3,.000,4,7,.571,.400,10,12,.833,3,2,5,2,1,0,3,5,18,11.9,7,home,20.883333333333333,avdijde01,Deni Avdija,2025-26
2026-03-25,POR,MIL,"W, 130-99",*,24:55,4,8,.500,1,5,.200,3,3,1.000,.563,9,11,.818,0,4,4,7,0,1,4,0,18,16.0,6,home,24.916666666666668,avdijde01,Deni Avdija,2025-26
2026-03-27,POR,DAL,"L, 93-100",*,37:47,8,15,.533,0,3,.000,8,12,.667,.533,4,9,.444,0,9,9,6,1,2,5,2,20,14.2,-8,home,37.78333333333333,avdijde01,Deni Avdija,2025-26
2026-03-29,POR,WAS,"W, 123-88",*,27:34,8,16,.500,1,3,.333,7,13,.538,.531,3,6,.500,1,6,7,5,2,0,4,1,20,14.4,22,home,27.566666666666663,avdijde01,Deni Avdija,2025-26
2026-03-31,POR,LAC,"W, 114-104",*,34:08,8,15,.533,1,4,.250,7,11,.636,.567,11,12,.917,2,9,11,8,0,0,2,2,28,27.2,8,away,34.13333333333333,avdijde01,Deni Avdija,2025-26
2026-04-02,POR,NOP,"W, 118-106",*,37:15,7,20,.350,2,7,.286,5,13,.385,.400,10,13,.769,1,7,8,7,2,1,3,4,26,19.4,10,home,37.25,avdijde01,Deni Avdija,2025-26
2026-04-06,POR,DEN,"L, 132-137 (OT)",*,39:30,6,15,.400,1,6,.167,5,9,.556,.433,13,14,.929,0,4,4,7,1,1,4,3,26,20.1,-15,away,39.5,avdijde01,Deni Avdija,2025-26
2026-04-08,POR,SAS,"L, 101-112",*,37:32,13,21,.619,1,3,.333,12,18,.667,.643,2,4,.500,2,4,6,6,0,0,6,3,29,18.3,7,away,37.53333333333333,avdijde01,Deni Avdija,2025-26
2026-04-10,POR,LAC,"W, 116-97",*,35:08,11,19,.579,1,6,.167,10,13,.769,.605,12,13,.923,0,4,4,5,1,1,3,3,35,27.9,9,home,35.13333333333333,avdijde01,Deni Avdija,2025-26
2026-04-12,POR,SAC,"W, 122-110",*,33:05,9,19,.474,5,9,.556,4,10,.400,.605,2,3,.667,0,6,6,10,0,0,3,1,25,20.3,12,home,33.083333333333336,avdijde01,Deni Avdija,2025-26
2025-10-22,ATL,TOR,"L, 118-138",,28:05,2,15,.133,1,5,.200,1,10,.100,.167,5,6,.833,1,3,4,4,1,1,1,2,10,4.2,-2,home,28.08333333333333,alexani01,Nickeil Alexander-Walker,2025-26
2025-10-24,ATL,ORL,"W, 111-107",*,30:31,8,18,.444,1,10,.100,7,8,.875,.472,2,2,1.000,0,1,1,4,1,0,1,0,19,12.7,-1,away,30.516666666666666,alexani01,Nickeil Alexander-Walker,2025-26
2025-10-25,ATL,OKC,"L, 100-117",*,29:32,6,10,.600,3,6,.500,3,4,.750,.750,2,2,1.000,1,2,3,2,2,1,2,0,17,15.8,-18,home,29.53333333333333,alexani01,Nickeil Alexander-Walker,2025-26
2025-10-27,ATL,CHI,"L, 123-128",,30:09,6,11,.545,4,6,.667,2,5,.400,.727,1,2,.500,2,1,3,3,1,0,0,3,17,14.9,-13,away,30.15,alexani01,Nickeil Alexander-Walker,2025-26
2025-10-29,ATL,BRK,"W, 117-112",,32:03,7,17,.412,2,8,.250,5,9,.556,.471,2,2,1.000,0,3,3,3,2,3,1,1,18,14.6,-2,away,32.05,alexani01,Nickeil Alexander-Walker,2025-26
2025-10-31,ATL,IND,"W, 128-108",*,32:06,8,14,.571,1,5,.200,7,9,.778,.607,4,5,.800,1,2,3,3,2,0,3,1,21,16.0,17,away,32.1,alexani01,Nickeil Alexander-Walker,2025-26
2025-11-02,ATL,CLE,"L, 109-117",*,34:03,3,11,.273,0,4,.000,3,7,.429,.273,10,11,.909,0,3,3,5,0,1,5,3,16,8.0,-12,away,34.05,alexani01,Nickeil Alexander-Walker,2025-26
2025-11-04,ATL,ORL,"W, 127-112",*,31:57,6,11,.545,3,5,.600,3,6,.500,.682,5,6,.833,0,1,1,2,0,1,7,4,20,8.1,5,home,31.95,alexani01,Nickeil Alexander-Walker,2025-26
2025-11-07,ATL,TOR,"L, 97-109",*,29:38,7,14,.500,3,6,.500,4,8,.500,.607,3,4,.750,0,2,2,3,0,0,3,3,20,11.1,-13,home,29.633333333333333,alexani01,Nickeil Alexander-Walker,2025-26
2025-11-12,ATL,SAC,"W, 133-100",*,21:44,5,11,.455,1,4,.250,4,7,.571,.500,3,3,1.000,1,5,6,5,0,2,4,1,14,11.0,44,away,21.73333333333333,alexani01,Nickeil Alexander-Walker,2025-26
2025-11-13,ATL,UTA,"W, 132-122",*,29:37,4,11,.364,1,3,.333,3,8,.375,.409,7,8,.875,1,1,2,5,2,2,2,0,16,15.4,15,away,29.616666666666667,alexani01,Nickeil Alexander-Walker,2025-26
2025-11-16,ATL,PHO,"W, 124-122",*,35:16,9,18,.500,3,9,.333,6,9,.667,.583,5,7,.714,1,2,3,4,2,0,2,2,26,19.5,22,away,35.266666666666666,alexani01,Nickeil Alexander-Walker,2025-26
2025-11-18,ATL,DET,"L, 112-120",*,36:43,9,20,.450,1,9,.111,8,11,.727,.475,5,6,.833,0,3,3,3,0,0,0,4,24,14.6,-19,home,36.71666666666667,alexani01,Nickeil Alexander-Walker,2025-26
2025-11-20,ATL,SAS,"L, 126-135",*,33:39,13,17,.765,8,10,.800,5,7,.714,1.000,4,4,1.000,1,3,4,5,0,3,2,3,38,35.3,-7,away,33.65,alexani01,Nickeil Alexander-Walker,2025-26
2025-11-22,ATL,NOP,"W, 115-98",*,35:34,4,11,.364,2,6,.333,2,5,.400,.455,0,0,,1,4,5,3,1,0,1,2,10,7.1,11,away,35.56666666666667,alexani01,Nickeil Alexander-Walker,2025-26
2025-11-23,ATL,CHO,"W, 113-110",*,38:34,8,17,.471,3,7,.429,5,10,.500,.559,4,6,.667,2,3,5,4,1,1,1,4,23,17.7,-7,home,38.56666666666667,alexani01,Nickeil Alexander-Walker,2025-26
2025-11-25,ATL,WAS,"L, 113-132",*,32:25,3,9,.333,2,6,.333,1,3,.333,.444,0,0,,0,2,2,4,0,0,3,1,8,2.9,-20,away,32.416666666666664,alexani01,Nickeil Alexander-Walker,2025-26
2025-11-28,ATL,CLE,"W, 130-123",*,34:43,10,22,.455,5,13,.385,5,9,.556,.568,5,5,1.000,0,3,3,1,1,1,1,2,30,20.1,18,home,34.71666666666667,alexani01,Nickeil Alexander-Walker,2025-26
2025-11-30,ATL,PHI,"W, 142-134 (2OT)",*,44:21,11,22,.500,6,11,.545,5,11,.455,.636,6,6,1.000,2,6,8,7,1,1,4,5,34,26.8,19,away,44.35,alexani01,Nickeil Alexander-Walker,2025-26
2025-12-01,ATL,DET,"L, 98-99",*,35:17,10,19,.526,6,10,.600,4,9,.444,.684,0,0,,0,3,3,1,2,0,2,1,26,17.9,4,away,35.28333333333333,alexani01,Nickeil Alexander-Walker,2025-26
2025-12-03,ATL,LAC,"L, 92-115",*,30:39,7,18,.389,2,7,.286,5,11,.455,.444,5,7,.714,1,4,5,3,1,0,1,2,21,13.6,-17,home,30.65,alexani01,Nickeil Alexander-Walker,2025-26
2025-12-05,ATL,DEN,"L, 133-134",*,33:48,10,17,.588,5,9,.556,5,8,.625,.735,5,5,1.000,2,3,5,1,0,0,1,3,30,22.9,0,home,33.8,alexani01,Nickeil Alexander-Walker,2025-26
2025-12-06,ATL,WAS,"W, 131-116",*,32:02,7,15,.467,3,10,.300,4,5,.800,.567,0,0,,2,2,4,4,3,0,3,3,17,12.9,2,away,32.03333333333333,alexani01,Nickeil Alexander-Walker,2025-26
2025-12-12,ATL,DET,"L, 115-142",*,30:32,6,14,.429,4,10,.400,2,4,.500,.571,6,6,1.000,0,2,2,0,0,0,2,3,22,12.0,-21,away,30.53333333333333,alexani01,Nickeil Alexander-Walker,2025-26
2025-12-14,ATL,PHI,"W, 120-117",*,34:05,3,18,.167,2,5,.400,1,13,.077,.222,4,4,1.000,2,5,7,6,1,0,2,3,12,5.5,9,home,34.083333333333336,alexani01,Nickeil Alexander-Walker,2025-26
2025-12-18,ATL,CHO,"L, 126-133",,34:06,11,18,.611,4,9,.444,7,9,.778,.722,2,2,1.000,1,7,8,2,0,0,3,2,28,20.2,23,away,34.1,alexani01,Nickeil Alexander-Walker,2025-26
2025-12-19,ATL,SAS,"L, 98-126",*,32:34,7,18,.389,2,10,.200,5,8,.625,.444,7,9,.778,1,1,2,4,0,0,3,1,23,12.8,-27,home,32.56666666666667,alexani01,Nickeil Alexander-Walker,2025-26
2025-12-21,ATL,CHI,"L, 150-152",,29:01,3,12,.250,1,6,.167,2,6,.333,.292,2,3,.667,0,1,1,2,1,2,3,5,9,0.5,7,home,29.016666666666666,alexani01,Nickeil Alexander-Walker,2025-26
2025-12-23,ATL,CHI,"L, 123-126",*,34:24,9,19,.474,2,8,.250,7,11,.636,.526,1,2,.500,0,1,1,2,2,0,0,1,21,14.2,-20,home,34.4,alexani01,Nickeil Alexander-Walker,2025-26
2025-12-26,ATL,MIA,"L, 111-126",,31:38,6,14,.429,2,5,.400,4,9,.444,.500,1,1,1.000,0,4,4,3,1,1,2,1,15,10.2,-6,home,31.633333333333333,alexani01,Nickeil Alexander-Walker,2025-26
2025-12-27,ATL,NYK,"L, 125-128",,29:57,8,18,.444,5,12,.417,3,6,.500,.583,4,4,1.000,0,0,0,1,1,0,0,1,25,16.9,4,home,29.95,alexani01,Nickeil Alexander-Walker,2025-26
2025-12-29,ATL,OKC,"L, 129-140",*,39:56,11,24,.458,6,14,.429,5,10,.500,.583,2,3,.667,0,4,4,5,2,1,1,3,30,22.4,-2,away,39.93333333333333,alexani01,Nickeil Alexander-Walker,2025-26
2025-12-31,ATL,MIN,"W, 126-102",*,31:11,4,12,.333,3,7,.429,1,5,.200,.458,0,0,,0,0,0,3,0,0,2,2,11,3.5,11,home,31.183333333333334,alexani01,Nickeil Alexander-Walker,2025-26
2026-01-02,ATL,NYK,"W, 111-99",*,34:19,9,20,.450,3,10,.300,6,10,.600,.525,2,4,.500,0,4,4,3,2,0,1,2,23,15.3,8,away,34.31666666666667,alexani01,Nickeil Alexander-Walker,2025-26
2026-01-03,ATL,TOR,"L, 117-134",*,35:56,10,19,.526,6,11,.545,4,8,.500,.684,5,5,1.000,0,4,4,3,2,0,6,1,31,20.6,-16,away,35.93333333333333,alexani01,Nickeil Alexander-Walker,2025-26
2026-01-05,ATL,TOR,"L, 100-118",*,33:40,4,14,.286,2,6,.333,2,8,.250,.357,4,4,1.000,0,5,5,4,0,0,3,1,14,6.7,-8,away,33.666666666666664,alexani01,Nickeil Alexander-Walker,2025-26
2026-01-07,ATL,NOP,"W, 117-100",*,33:39,6,18,.333,2,12,.167,4,6,.667,.389,3,3,1.000,1,5,6,6,3,2,1,3,17,15.4,16,home,33.65,alexani01,Nickeil Alexander-Walker,2025-26
2026-01-09,ATL,DEN,"W, 110-87",*,33:22,9,21,.429,3,11,.273,6,10,.600,.500,1,1,1.000,0,8,8,3,2,0,1,1,22,16.0,9,away,33.36666666666667,alexani01,Nickeil Alexander-Walker,2025-26
2026-01-11,ATL,GSW,"W, 124-111",*,33:49,9,18,.500,3,7,.429,6,11,.545,.583,3,3,1.000,0,2,2,2,3,0,1,2,24,18.2,9,away,33.81666666666667,alexani01,Nickeil Alexander-Walker,2025-26
2026-01-13,ATL,LAL,"L, 116-141",*,33:03,10,16,.625,5,9,.556,5,7,.714,.781,1,1,1.000,0,4,4,3,0,0,0,3,26,20.9,-37,away,33.05,alexani01,Nickeil Alexander-Walker,2025-26
2026-01-15,ATL,POR,"L, 101-117",*,29:22,2,6,.333,2,4,.500,0,2,.000,.500,5,6,.833,2,4,6,7,1,0,3,3,11,11.5,-4,away,29.366666666666667,alexani01,Nickeil Alexander-Walker,2025-26
2026-01-17,ATL,BOS,"L, 106-132",*,29:28,6,16,.375,4,9,.444,2,7,.286,.500,2,2,1.000,0,2,2,6,1,1,0,0,18,15.7,-35,home,29.466666666666665,alexani01,Nickeil Alexander-Walker,2025-26
2026-01-19,ATL,MIL,"L, 110-112",*,38:38,9,20,.450,7,16,.438,2,4,.500,.625,7,7,1.000,0,6,6,6,1,1,0,1,32,28.9,-1,home,38.63333333333333,alexani01,Nickeil Alexander-Walker,2025-26
2026-01-21,ATL,MEM,"W, 124-122",*,33:28,3,11,.273,2,9,.222,1,2,.500,.364,3,3,1.000,1,1,2,4,1,2,2,2,11,7.9,1,away,33.46666666666667,alexani01,Nickeil Alexander-Walker,2025-26
2026-01-23,ATL,PHO,"W, 110-103",*,33:21,4,12,.333,2,5,.400,2,7,.286,.417,3,3,1.000,0,0,0,3,2,1,5,2,13,5.2,1,home,33.35,alexani01,Nickeil Alexander-Walker,2025-26
2026-01-26,ATL,IND,"W, 132-116",*,34:05,5,13,.385,5,10,.500,0,3,.000,.577,6,6,1.000,0,3,3,3,3,1,4,3,21,15.4,10,home,34.083333333333336,alexani01,Nickeil Alexander-Walker,2025-26
2026-01-28,ATL,BOS,"W, 117-106",*,30:54,7,15,.467,5,12,.417,2,3,.667,.633,2,2,1.000,0,1,1,3,3,0,2,2,21,15.9,15,away,30.9,alexani01,Nickeil Alexander-Walker,2025-26
2026-01-29,ATL,HOU,"L, 86-104",*,34:53,6,16,.375,3,8,.375,3,8,.375,.469,5,5,1.000,0,5,5,1,0,0,3,2,20,9.6,-26,home,34.88333333333333,alexani01,Nickeil Alexander-Walker,2025-26
2026-01-31,ATL,IND,"L, 124-129",*,35:08,7,17,.412,3,7,.429,4,10,.400,.500,4,6,.667,1,2,3,5,1,1,0,3,21,16.4,-1,away,35.13333333333333,alexani01,Nickeil Alexander-Walker,2025-26
2026-02-03,ATL,MIA,"W, 127-115",*,31:23,8,21,.381,3,12,.250,5,9,.556,.452,0,0,,1,4,5,7,1,0,0,2,19,14.5,1,away,31.383333333333333,alexani01,Nickeil Alexander-Walker,2025-26
2026-02-05,ATL,UTA,"W, 121-119",*,33:42,9,15,.600,0,3,.000,9,12,.750,.600,5,5,1.000,1,1,2,5,2,0,0,0,23,22.6,10,home,33.7,alexani01,Nickeil Alexander-Walker,2025-26
2026-02-07,ATL,CHO,"L, 119-126",*,37:37,3,15,.200,2,8,.250,1,7,.143,.267,5,5,1.000,0,2,2,10,1,1,1,4,13,10.4,13,home,37.61666666666667,alexani01,Nickeil Alexander-Walker,2025-26
2026-02-09,ATL,MIN,"L, 116-138",*,35:16,9,19,.474,4,9,.444,5,10,.500,.579,1,1,1.000,2,10,12,5,2,0,6,5,23,15.2,-18,away,35.266666666666666,alexani01,Nickeil Alexander-Walker,2025-26
2026-02-11,ATL,CHO,"L, 107-110",*,40:15,2,13,.154,1,7,.143,1,6,.167,.192,5,5,1.000,0,3,3,4,1,2,3,4,10,3.2,8,away,40.25,alexani01,Nickeil Alexander-Walker,2025-26
2026-02-19,ATL,PHI,"W, 117-107",*,33:07,4,11,.364,2,7,.286,2,4,.500,.455,4,5,.800,0,3,3,4,3,0,4,1,14,9.8,0,away,33.11666666666667,alexani01,Nickeil Alexander-Walker,2025-26
2026-02-20,ATL,MIA,"L, 97-128",*,36:35,8,17,.471,4,9,.444,4,8,.500,.588,0,0,,0,3,3,3,0,0,4,2,20,9.5,-25,home,36.583333333333336,alexani01,Nickeil Alexander-Walker,2025-26
2026-02-22,ATL,BRK,"W, 115-104",*,35:11,4,12,.333,3,9,.333,1,3,.333,.458,6,6,1.000,2,1,3,6,2,0,1,1,17,16.7,29,home,35.18333333333333,alexani01,Nickeil Alexander-Walker,2025-26
2026-02-24,ATL,WAS,"W, 119-98",*,24:43,4,10,.400,3,7,.429,1,3,.333,.550,5,5,1.000,0,3,3,5,2,0,2,2,16,14.2,19,home,24.716666666666665,alexani01,Nickeil Alexander-Walker,2025-26
2026-03-01,ATL,POR,"W, 135-101",*,27:48,5,9,.556,1,4,.250,4,5,.800,.611,4,4,1.000,2,1,3,4,1,0,2,3,15,13.0,16,home,27.8,alexani01,Nickeil Alexander-Walker,2025-26
2026-03-04,ATL,MIL,"W, 131-113",*,31:54,9,14,.643,5,9,.556,4,5,.800,.821,0,0,,0,1,1,2,1,0,3,2,23,15.7,19,away,31.9,alexani01,Nickeil Alexander-Walker,2025-26
2026-03-07,ATL,PHI,"W, 125-116",*,36:21,8,15,.533,4,9,.444,4,6,.667,.667,4,4,1.000,1,1,2,6,1,0,4,3,24,17.7,11,home,36.35,alexani01,Nickeil Alexander-Walker,2025-26
2026-03-10,ATL,DAL,"W, 124-112",*,36:44,12,19,.632,5,8,.625,7,11,.636,.763,0,0,,0,2,2,3,2,1,4,3,29,20.7,19,home,36.73333333333333,alexani01,Nickeil Alexander-Walker,2025-26
2026-03-12,ATL,BRK,"W, 108-97",*,36:22,5,13,.385,2,8,.250,3,5,.600,.462,6,6,1.000,0,2,2,2,3,0,2,1,18,13.5,9,home,36.36666666666667,alexani01,Nickeil Alexander-Walker,2025-26
2026-03-14,ATL,MIL,"W, 122-99",*,34:01,7,14,.500,3,7,.429,4,7,.571,.607,3,3,1.000,1,2,3,1,3,1,2,5,20,14.7,24,home,34.016666666666666,alexani01,Nickeil Alexander-Walker,2025-26
2026-03-16,ATL,ORL,"W, 124-112",*,36:50,12,21,.571,9,14,.643,3,7,.429,.786,8,9,.889,3,4,7,5,2,0,3,1,41,36.1,27,home,36.833333333333336,alexani01,Nickeil Alexander-Walker,2025-26
2026-03-18,ATL,DAL,"W, 135-120",*,30:20,8,14,.571,4,5,.800,4,9,.444,.714,2,2,1.000,1,0,1,2,2,1,0,2,22,19.4,19,away,30.33333333333333,alexani01,Nickeil Alexander-Walker,2025-26
2026-03-20,ATL,HOU,"L, 95-117",*,27:17,6,12,.500,1,3,.333,5,9,.556,.542,8,9,.889,2,2,4,4,1,0,3,2,21,16.6,-14,away,27.28333333333333,alexani01,Nickeil Alexander-Walker,2025-26
2026-03-21,ATL,GSW,"W, 126-110",*,27:28,4,9,.444,2,6,.333,2,3,.667,.556,7,7,1.000,0,2,2,1,2,0,1,3,17,13.4,24,home,27.466666666666665,alexani01,Nickeil Alexander-Walker,2025-26
2026-03-23,ATL,MEM,"W, 146-107",*,25:43,8,11,.727,4,6,.667,4,5,.800,.909,6,6,1.000,1,1,2,6,1,0,0,3,26,26.5,29,home,25.716666666666665,alexani01,Nickeil Alexander-Walker,2025-26
2026-03-25,ATL,DET,"W, 130-129 (OT)",*,40:20,9,18,.500,3,10,.300,6,8,.750,.583,0,0,,2,2,4,3,0,0,1,1,21,14.7,0,away,40.333333333333336,alexani01,Nickeil Alexander-Walker,2025-26
2026-03-27,ATL,BOS,"L, 102-109",*,38:22,6,13,.462,2,5,.400,4,8,.500,.538,6,7,.857,0,4,4,5,2,0,0,4,20,18.0,-8,away,38.36666666666667,alexani01,Nickeil Alexander-Walker,2025-26
2026-03-28,ATL,SAC,"W, 123-113",*,36:10,7,14,.500,4,9,.444,3,5,.600,.643,9,9,1.000,1,4,5,8,4,0,2,1,27,29.1,25,home,36.16666666666666,alexani01,Nickeil Alexander-Walker,2025-26
2026-03-30,ATL,BOS,"W, 112-102",*,34:58,6,16,.375,3,8,.375,3,8,.375,.469,2,3,.667,2,2,4,6,0,0,1,3,17,11.8,1,home,34.96666666666667,alexani01,Nickeil Alexander-Walker,2025-26
2026-04-01,ATL,ORL,"W, 130-101",*,33:18,11,16,.688,5,9,.556,6,7,.857,.844,5,6,.833,0,4,4,1,3,1,3,3,32,26.2,28,away,33.3,alexani01,Nickeil Alexander-Walker,2025-26
2026-04-03,ATL,BRK,"W, 141-107",*,34:21,8,16,.500,4,9,.444,4,7,.571,.625,1,1,1.000,0,4,4,3,0,3,4,2,21,13.6,21,away,34.35,alexani01,Nickeil Alexander-Walker,2025-26
2026-04-06,ATL,NYK,"L, 105-108",*,39:01,12,19,.632,7,11,.636,5,8,.625,.816,5,5,1.000,1,1,2,3,0,1,2,1,36,28.9,-4,home,39.016666666666666,alexani01,Nickeil Alexander-Walker,2025-26
2026-04-08,ATL,CLE,"L, 116-122",*,39:14,10,19,.526,4,9,.444,6,10,.600,.632,1,1,1.000,0,4,4,2,2,0,4,3,25,15.1,-13,away,39.23333333333333,alexani01,Nickeil Alexander-Walker,2025-26
2026-04-10,ATL,CLE,"W, 124-102",*,31:57,7,13,.538,3,8,.375,4,5,.800,.654,1,1,1.000,1,0,1,1,2,1,0,3,18,14.6,29,home,31.95,alexani01,Nickeil Alexander-Walker,2025-26
2025-10-22,MIA,ORL,"L, 121-125",*,34:12,4,13,.308,1,5,.200,3,8,.375,.346,6,7,.857,3,9,12,2,0,0,4,3,15,8.1,-2,away,34.2,adebaba01,Bam Adebayo,2025-26
2025-10-24,MIA,MEM,"W, 146-114",*,28:21,8,19,.421,4,8,.500,4,11,.364,.526,4,4,1.000,1,4,5,4,1,0,1,2,24,17.8,25,away,28.35,adebaba01,Bam Adebayo,2025-26
2025-10-26,MIA,NYK,"W, 115-107",*,38:19,5,15,.333,1,5,.200,4,10,.400,.367,8,8,1.000,1,12,13,3,1,0,6,1,19,11.5,10,home,38.31666666666667,adebaba01,Bam Adebayo,2025-26
2025-10-28,MIA,CHO,"W, 144-117",*,30:16,10,16,.625,3,5,.600,7,11,.636,.719,3,4,.750,1,5,6,2,0,0,1,2,26,20.2,29,home,30.266666666666666,adebaba01,Bam Adebayo,2025-26
2025-10-30,MIA,SAS,"L, 101-107",*,37:10,12,27,.444,4,13,.308,8,14,.571,.519,3,4,.750,1,9,10,3,1,1,2,2,31,20.9,7,away,37.16666666666666,adebaba01,Bam Adebayo,2025-26
2025-11-02,MIA,LAL,"L, 120-130",*,36:20,6,11,.545,1,5,.200,5,6,.833,.591,4,4,1.000,1,7,8,5,3,1,0,1,17,21.3,-13,away,36.333333333333336,adebaba01,Bam Adebayo,2025-26
2025-11-03,MIA,LAC,"W, 120-119",*,30:13,10,18,.556,2,4,.500,8,14,.571,.611,3,5,.600,0,10,10,4,2,0,2,1,25,21.0,2,away,30.216666666666665,adebaba01,Bam Adebayo,2025-26
2025-11-05,MIA,DEN,"L, 112-122",*,08:12,1,5,.200,0,2,.000,1,3,.333,.200,0,0,,0,1,1,0,0,0,0,1,2,-1.2,4,away,8.2,adebaba01,Bam Adebayo,2025-26
2025-11-19,MIA,GSW,"W, 110-96",*,28:48,7,13,.538,3,4,.750,4,9,.444,.654,3,3,1.000,1,6,7,3,1,2,1,1,20,19.3,15,home,28.8,adebaba01,Bam Adebayo,2025-26
2025-11-21,MIA,CHI,"W, 143-107",*,29:28,4,11,.364,2,5,.400,2,6,.333,.455,8,10,.800,1,6,7,5,0,3,1,3,18,17.0,24,away,29.466666666666665,adebaba01,Bam Adebayo,2025-26
2025-11-23,MIA,PHI,"W, 127-117",*,32:32,7,14,.500,1,4,.250,6,10,.600,.536,3,4,.750,3,10,13,1,1,0,2,1,18,15.0,4,away,32.53333333333333,adebaba01,Bam Adebayo,2025-26
2025-11-24,MIA,DAL,"W, 106-102",*,29:20,5,13,.385,0,3,.000,5,10,.500,.385,7,11,.636,3,3,6,1,1,2,2,1,17,12.0,-16,home,29.33333333333333,adebaba01,Bam Adebayo,2025-26
2025-11-26,MIA,MIL,"W, 106-103",*,28:37,7,16,.438,1,5,.200,6,11,.545,.469,2,2,1.000,0,11,11,2,0,1,1,0,17,13.0,-11,home,28.616666666666667,adebaba01,Bam Adebayo,2025-26
2025-11-29,MIA,DET,"L, 135-138",*,33:12,5,9,.556,1,2,.500,4,7,.571,.611,4,6,.667,2,8,10,1,2,1,3,1,15,13.7,14,home,33.2,adebaba01,Bam Adebayo,2025-26
2025-12-01,MIA,LAC,"W, 140-123",*,31:38,10,17,.588,5,8,.625,5,9,.556,.735,2,2,1.000,3,11,14,3,2,2,1,0,27,29.0,33,home,31.633333333333333,adebaba01,Bam Adebayo,2025-26
2025-12-03,MIA,DAL,"L, 108-118",*,28:24,10,19,.526,1,6,.167,9,13,.692,.553,0,0,,1,6,7,1,1,0,1,1,21,14.5,-6,away,28.4,adebaba01,Bam Adebayo,2025-26
2025-12-05,MIA,ORL,"L, 105-106",*,39:31,9,15,.600,2,4,.500,7,11,.636,.667,4,6,.667,2,13,15,3,2,2,5,2,24,21.3,3,away,39.516666666666666,adebaba01,Bam Adebayo,2025-26
2025-12-06,MIA,SAC,"L, 111-127",*,24:35,4,9,.444,0,3,.000,4,6,.667,.444,1,2,.500,2,5,7,3,0,0,0,0,9,8.9,-17,home,24.58333333333333,adebaba01,Bam Adebayo,2025-26
2025-12-09,MIA,ORL,"L, 108-117",*,35:33,7,14,.500,0,3,.000,7,11,.636,.500,5,6,.833,1,7,8,2,1,3,0,1,19,18.5,6,away,35.55,adebaba01,Bam Adebayo,2025-26
2025-12-15,MIA,TOR,"L, 96-106",*,33:01,7,13,.538,1,3,.333,6,10,.600,.577,5,8,.625,0,10,10,2,1,0,2,2,20,15.1,-5,home,33.016666666666666,adebaba01,Bam Adebayo,2025-26
2025-12-18,MIA,BRK,"W, 106-95",*,31:04,4,13,.308,0,2,.000,4,11,.364,.308,0,2,.000,2,15,17,1,1,3,3,5,8,4.4,12,away,31.066666666666663,adebaba01,Bam Adebayo,2025-26
2025-12-19,MIA,BOS,"L, 116-129",*,36:07,6,13,.462,0,1,.000,6,12,.500,.462,4,6,.667,4,6,10,4,1,0,3,5,16,11.9,-15,away,36.11666666666667,adebaba01,Bam Adebayo,2025-26
2025-12-21,MIA,NYK,"L, 125-132",*,33:34,4,11,.364,0,3,.000,4,8,.500,.364,6,7,.857,3,6,9,0,0,0,3,3,14,7.2,-5,away,33.56666666666667,adebaba01,Bam Adebayo,2025-26
2025-12-23,MIA,TOR,"L, 91-112",*,34:08,4,11,.364,0,2,.000,4,9,.444,.364,1,3,.333,1,11,12,3,2,0,1,2,9,8.4,-16,home,34.13333333333333,adebaba01,Bam Adebayo,2025-26
2025-12-29,MIA,DEN,"W, 147-123",*,21:10,5,10,.500,1,2,.500,4,8,.500,.550,2,2,1.000,3,7,10,4,1,0,2,3,13,12.8,3,home,21.166666666666668,adebaba01,Bam Adebayo,2025-26
2026-01-01,MIA,DET,"W, 118-112",*,32:53,5,14,.357,1,2,.500,4,12,.333,.393,4,4,1.000,3,11,14,0,2,1,1,2,15,13.5,17,away,32.88333333333333,adebaba01,Bam Adebayo,2025-26
2026-01-03,MIA,MIN,"L, 115-125",*,34:13,5,13,.385,1,3,.333,4,10,.400,.423,1,2,.500,2,7,9,4,0,1,4,2,12,6.7,-9,home,34.21666666666667,adebaba01,Bam Adebayo,2025-26
2026-01-04,MIA,NOP,"W, 125-106",*,28:47,5,14,.357,1,3,.333,4,11,.364,.393,1,1,1.000,1,5,6,6,1,1,1,1,12,10.9,23,home,28.78333333333333,adebaba01,Bam Adebayo,2025-26
2026-01-06,MIA,MIN,"L, 94-122",*,28:28,3,11,.273,1,2,.500,2,9,.222,.318,0,0,,2,9,11,3,0,0,1,0,7,5.7,-6,away,28.466666666666665,adebaba01,Bam Adebayo,2025-26
2026-01-10,MIA,IND,"L, 99-123",*,24:48,5,12,.417,0,2,.000,5,10,.500,.417,3,3,1.000,2,7,9,2,0,0,2,1,13,9.1,-23,away,24.8,adebaba01,Bam Adebayo,2025-26
2026-01-11,MIA,OKC,"L, 112-124",*,31:34,3,10,.300,0,1,.000,3,9,.333,.300,0,2,.000,1,13,14,4,1,1,2,3,6,5.3,-9,away,31.566666666666663,adebaba01,Bam Adebayo,2025-26
2026-01-13,MIA,PHO,"W, 127-121",*,31:35,11,15,.733,4,6,.667,7,9,.778,.867,3,4,.750,3,6,9,4,2,1,1,3,29,29.7,9,home,31.58333333333333,adebaba01,Bam Adebayo,2025-26
2026-01-15,MIA,BOS,"L, 114-119",*,33:04,8,19,.421,3,7,.429,5,12,.417,.500,3,4,.750,3,1,4,5,0,0,1,3,22,15.2,13,home,33.06666666666667,adebaba01,Bam Adebayo,2025-26
2026-01-17,MIA,OKC,"W, 122-120",*,32:00,9,22,.409,6,10,.600,3,12,.250,.545,6,6,1.000,6,6,12,4,1,0,1,2,30,26.2,11,home,32.0,adebaba01,Bam Adebayo,2025-26
2026-01-19,MIA,GSW,"L, 112-135",*,25:51,1,13,.077,0,5,.000,1,8,.125,.077,2,2,1.000,5,7,12,3,0,0,1,0,4,2.0,-20,away,25.85,adebaba01,Bam Adebayo,2025-26
2026-01-20,MIA,SAC,"W, 130-117",*,30:21,8,15,.533,4,5,.800,4,10,.400,.667,5,7,.714,0,7,7,5,1,1,1,1,25,22.8,13,away,30.35,adebaba01,Bam Adebayo,2025-26
2026-01-22,MIA,POR,"L, 110-127",*,37:09,13,24,.542,1,7,.143,12,17,.706,.563,5,5,1.000,3,7,10,2,3,1,3,0,32,26.7,-6,away,37.15,adebaba01,Bam Adebayo,2025-26
2026-01-24,MIA,UTA,"W, 147-116",*,31:01,8,19,.421,4,10,.400,4,9,.444,.526,6,6,1.000,7,8,15,2,0,1,3,1,26,21.9,19,away,31.016666666666666,adebaba01,Bam Adebayo,2025-26
2026-01-25,MIA,PHO,"W, 111-102",*,32:24,6,16,.375,2,6,.333,4,10,.400,.438,8,8,1.000,4,3,7,1,2,1,1,4,22,17.7,-7,away,32.4,adebaba01,Bam Adebayo,2025-26
2026-01-28,MIA,ORL,"L, 124-133",*,38:40,7,14,.500,4,7,.571,3,7,.429,.643,3,4,.750,2,10,12,7,2,0,3,0,21,21.9,-4,home,38.66666666666666,adebaba01,Bam Adebayo,2025-26
2026-01-29,MIA,CHI,"W, 116-113",*,33:53,7,19,.368,2,8,.250,5,11,.455,.421,4,4,1.000,2,10,12,2,0,0,1,0,20,14.3,6,away,33.88333333333333,adebaba01,Bam Adebayo,2025-26
2026-01-31,MIA,CHI,"L, 118-125",*,36:21,7,18,.389,1,8,.125,6,10,.600,.417,6,9,.667,3,8,11,1,1,0,3,1,21,12.8,-8,home,36.35,adebaba01,Bam Adebayo,2025-26
2026-02-01,MIA,CHI,"W, 134-91",*,22:15,8,11,.727,2,3,.667,6,8,.750,.818,2,4,.500,2,7,9,3,1,0,0,0,20,21.3,26,home,22.25,adebaba01,Bam Adebayo,2025-26
2026-02-03,MIA,ATL,"L, 115-127",*,30:13,4,16,.250,0,3,.000,4,13,.308,.250,8,8,1.000,2,12,14,1,1,0,3,3,16,8.9,0,home,30.216666666666665,adebaba01,Bam Adebayo,2025-26
2026-02-06,MIA,BOS,"L, 96-98",*,34:39,5,13,.385,2,6,.333,3,7,.429,.462,4,6,.667,0,7,7,1,1,0,0,2,16,11.1,8,away,34.65,adebaba01,Bam Adebayo,2025-26
2026-02-08,MIA,WAS,"W, 132-101",*,28:07,9,15,.600,2,6,.333,7,9,.778,.667,2,2,1.000,1,7,8,3,5,0,2,1,22,22.6,41,away,28.116666666666667,adebaba01,Bam Adebayo,2025-26
2026-02-09,MIA,UTA,"L, 111-115",*,37:10,8,18,.444,1,5,.200,7,13,.538,.472,6,10,.600,3,8,11,5,0,0,4,4,23,14.4,0,home,37.16666666666666,adebaba01,Bam Adebayo,2025-26
2026-02-11,MIA,NOP,"W, 123-111",*,36:59,6,19,.316,2,9,.222,4,10,.400,.368,13,17,.765,2,12,14,4,0,4,3,1,27,21.7,15,away,36.98333333333333,adebaba01,Bam Adebayo,2025-26
2026-02-20,MIA,ATL,"W, 128-97",*,27:12,8,14,.571,1,4,.250,7,10,.700,.607,0,2,.000,0,8,8,5,1,0,0,0,17,16.5,29,away,27.2,adebaba01,Bam Adebayo,2025-26
2026-02-21,MIA,MEM,"W, 136-120",*,26:51,4,7,.571,1,3,.333,3,4,.750,.643,4,5,.800,2,4,6,5,0,0,1,0,13,14.4,27,home,26.85,adebaba01,Bam Adebayo,2025-26
2026-02-24,MIA,MIL,"L, 117-128",*,31:18,8,19,.421,2,8,.250,6,11,.545,.474,0,0,,2,7,9,2,1,1,1,3,18,12.3,-3,away,31.3,adebaba01,Bam Adebayo,2025-26
2026-02-26,MIA,PHI,"L, 117-124",*,36:25,10,20,.500,4,8,.500,6,12,.500,.600,5,8,.625,2,12,14,3,1,0,1,2,29,24.1,2,away,36.41666666666666,adebaba01,Bam Adebayo,2025-26
2026-02-28,MIA,HOU,"W, 115-105",*,35:00,9,17,.529,3,5,.600,6,12,.500,.618,3,6,.500,4,7,11,1,1,0,1,3,24,18.9,16,home,35.0,adebaba01,Bam Adebayo,2025-26
2026-03-03,MIA,BRK,"W, 124-98",*,34:58,11,24,.458,1,7,.143,10,17,.588,.479,0,0,,1,8,9,4,6,1,0,3,23,22.0,22,home,34.96666666666667,adebaba01,Bam Adebayo,2025-26
2026-03-05,MIA,BRK,"W, 126-110",*,24:57,7,15,.467,0,4,.000,7,11,.636,.467,7,8,.875,3,4,7,2,1,1,1,5,21,16.3,10,home,24.95,adebaba01,Bam Adebayo,2025-26
2026-03-06,MIA,CHO,"W, 128-120",*,38:32,10,26,.385,0,5,.000,10,21,.476,.385,4,5,.800,3,9,12,4,1,1,0,2,24,17.9,9,away,38.53333333333333,adebaba01,Bam Adebayo,2025-26
2026-03-08,MIA,DET,"W, 121-110",*,34:02,7,17,.412,4,10,.400,3,7,.429,.529,6,6,1.000,3,6,9,6,1,1,2,1,24,22.3,13,home,34.03333333333333,adebaba01,Bam Adebayo,2025-26
2026-03-10,MIA,WAS,"W, 150-129",*,41:54,20,43,.465,7,22,.318,13,21,.619,.547,36,43,.837,1,8,9,3,2,2,5,3,83,60.5,20,home,41.9,adebaba01,Bam Adebayo,2025-26
2026-03-12,MIA,MIL,"W, 112-105",*,34:59,6,20,.300,0,5,.000,6,15,.400,.300,9,13,.692,4,4,8,2,1,0,2,1,21,11.8,11,home,34.983333333333334,adebaba01,Bam Adebayo,2025-26
2026-03-14,MIA,ORL,"L, 117-121",*,38:29,6,15,.400,2,7,.286,4,8,.500,.467,6,10,.600,1,6,7,1,4,2,2,2,20,16.1,-2,home,38.48333333333333,adebaba01,Bam Adebayo,2025-26
2026-03-19,MIA,LAL,"L, 126-134",*,37:47,9,19,.474,3,8,.375,6,11,.545,.553,7,10,.700,2,8,10,2,1,0,0,3,28,22.1,-12,home,37.78333333333333,adebaba01,Bam Adebayo,2025-26
2026-03-21,MIA,HOU,"L, 122-123",*,45:01,12,21,.571,2,4,.500,10,17,.588,.619,6,8,.750,5,16,21,4,2,0,1,4,32,31.8,5,away,45.016666666666666,adebaba01,Bam Adebayo,2025-26
2026-03-23,MIA,SAS,"L, 111-136",*,28:42,5,17,.294,2,10,.200,3,7,.429,.353,6,6,1.000,0,3,3,4,1,0,0,0,18,12.8,-26,home,28.7,adebaba01,Bam Adebayo,2025-26
2026-03-25,MIA,CLE,"W, 120-103",*,33:09,6,19,.316,1,9,.111,5,10,.500,.342,4,5,.800,1,9,10,7,2,0,1,1,17,14.6,-1,away,33.15,adebaba01,Bam Adebayo,2025-26
2026-03-27,MIA,CLE,"L, 128-149",*,30:41,3,14,.214,1,8,.125,2,6,.333,.250,7,8,.875,1,15,16,3,1,1,2,0,14,12.0,-18,away,30.683333333333334,adebaba01,Bam Adebayo,2025-26
2026-03-29,MIA,IND,"L, 118-135",*,32:57,6,16,.375,0,3,.000,6,13,.462,.375,3,4,.750,0,12,12,3,0,1,1,1,15,10.8,-9,away,32.95,adebaba01,Bam Adebayo,2025-26
2026-03-30,MIA,PHI,"W, 119-109",*,41:58,5,11,.455,1,4,.250,4,7,.571,.500,12,13,.923,4,12,16,6,1,0,2,2,23,25.7,27,home,41.96666666666667,adebaba01,Bam Adebayo,2025-26
2026-04-01,MIA,BOS,"L, 129-147",*,37:51,10,21,.476,5,10,.500,5,11,.455,.595,4,8,.500,4,6,10,2,2,0,3,2,29,20.9,-23,home,37.85,adebaba01,Bam Adebayo,2025-26
2026-04-04,MIA,WAS,"W, 152-136",*,24:11,3,6,.500,2,4,.500,1,2,.500,.667,6,7,.857,0,9,9,7,1,0,2,1,14,16.8,25,home,24.183333333333334,adebaba01,Bam Adebayo,2025-26
2026-04-07,MIA,TOR,"L, 95-121",*,36:30,2,13,.154,1,7,.143,1,6,.167,.192,2,2,1.000,1,8,9,3,1,0,0,0,7,4.9,-13,away,36.5,adebaba01,Bam Adebayo,2025-26
2026-04-09,MIA,TOR,"L, 114-128",*,37:29,9,14,.643,2,4,.500,7,10,.700,.714,4,5,.800,4,7,11,8,1,1,1,4,24,27.0,-10,away,37.48333333333333,adebaba01,Bam Adebayo,2025-26
2026-04-10,MIA,WAS,"W, 140-117",*,38:28,7,14,.500,3,6,.500,4,8,.500,.607,3,3,1.000,0,11,11,8,1,1,2,0,20,21.6,22,away,38.46666666666667,adebaba01,Bam Adebayo,2025-26
2026-04-12,MIA,ATL,"W, 143-117",*,29:14,11,18,.611,1,4,.250,10,14,.714,.639,2,4,.500,2,8,10,3,3,2,0,0,25,26.3,16,home,29.23333333333333,adebaba01,Bam Adebayo,2025-26
2025-10-22,CHO,BRK,"W, 136-117",*,33:34,7,15,.467,4,8,.500,3,7,.429,.600,2,5,.400,1,1,2,8,0,0,3,3,20,13.5,10,home,33.56666666666667,ballla01,LaMelo Ball,2025-26
2025-10-25,CHO,PHI,"L, 121-125",*,33:37,8,18,.444,4,11,.364,4,7,.571,.556,7,8,.875,2,8,10,8,3,1,4,5,27,24.3,12,away,33.61666666666667,ballla01,LaMelo Ball,2025-26
2025-10-26,CHO,WAS,"W, 139-113",*,34:38,13,25,.520,5,12,.417,8,13,.615,.620,7,7,1.000,4,9,13,13,3,0,4,3,38,38.1,32,away,34.63333333333333,ballla01,LaMelo Ball,2025-26
2025-10-28,CHO,MIA,"L, 117-144",*,28:29,6,18,.333,4,12,.333,2,6,.333,.444,4,5,.800,0,8,8,9,1,0,5,4,20,12.5,-19,away,28.48333333333333,ballla01,LaMelo Ball,2025-26
2025-10-30,CHO,ORL,"L, 107-123",*,36:16,8,19,.421,1,9,.111,7,10,.700,.447,0,0,,1,6,7,13,2,0,3,4,17,15.9,-4,home,36.266666666666666,ballla01,LaMelo Ball,2025-26
2025-11-01,CHO,MIN,"L, 105-122",*,33:28,7,19,.368,2,8,.250,5,11,.455,.421,2,2,1.000,1,6,7,8,1,0,3,2,18,12.8,-8,home,33.46666666666667,ballla01,LaMelo Ball,2025-26
2025-11-14,CHO,MIL,"L, 134-147 (OT)",*,27:24,5,15,.333,2,6,.333,3,9,.333,.400,4,5,.800,0,3,3,10,0,0,2,3,16,11.8,11,away,27.4,ballla01,LaMelo Ball,2025-26
2025-11-17,CHO,TOR,"L, 108-110",*,27:32,6,19,.316,1,7,.143,5,12,.417,.342,7,7,1.000,1,4,5,8,1,0,3,2,20,13.8,6,away,27.53333333333333,ballla01,LaMelo Ball,2025-26
2025-11-19,CHO,IND,"L, 118-127",*,27:18,5,21,.238,2,11,.182,3,10,.300,.286,6,6,1.000,3,4,7,9,2,0,6,2,18,10.1,-5,away,27.3,ballla01,LaMelo Ball,2025-26
2025-11-22,CHO,LAC,"L, 116-131",*,25:06,7,14,.500,1,7,.143,6,7,.857,.536,3,3,1.000,0,4,4,7,0,0,3,5,18,12.1,4,home,25.1,ballla01,LaMelo Ball,2025-26
2025-11-26,CHO,NYK,"L, 101-129",*,26:49,4,14,.286,2,7,.286,2,7,.286,.357,1,1,1.000,2,4,6,4,1,0,4,5,11,3.2,-22,home,26.816666666666663,ballla01,LaMelo Ball,2025-26
2025-11-28,CHO,CHI,"W, 123-116",*,28:55,6,19,.316,3,10,.300,3,9,.333,.395,1,2,.500,1,6,7,8,2,0,2,2,16,12.0,11,home,28.916666666666668,ballla01,LaMelo Ball,2025-26
2025-11-29,CHO,TOR,"W, 118-111 (OT)",*,21:42,6,16,.375,1,6,.167,5,10,.500,.406,1,1,1.000,0,2,2,5,0,0,2,4,14,5.7,-10,home,21.7,ballla01,LaMelo Ball,2025-26
2025-12-01,CHO,BRK,"L, 103-116",*,29:30,3,9,.333,2,6,.333,1,3,.333,.444,4,4,1.000,0,5,5,14,0,2,3,3,12,15.4,-3,away,29.5,ballla01,LaMelo Ball,2025-26
2025-12-03,CHO,NYK,"L, 104-119",*,36:55,12,27,.444,5,13,.385,7,14,.500,.537,5,6,.833,2,6,8,9,1,0,4,2,34,25.2,-8,away,36.91666666666666,ballla01,LaMelo Ball,2025-26
2025-12-05,CHO,TOR,"W, 111-86",*,11:52,4,9,.444,0,4,.000,4,5,.800,.444,3,3,1.000,0,2,2,3,1,0,2,0,11,8.0,2,away,11.866666666666667,ballla01,LaMelo Ball,2025-26
2025-12-18,CHO,ATL,"W, 133-126",*,29:12,10,16,.625,8,11,.727,2,5,.400,.875,0,0,,1,3,4,13,1,0,6,3,28,25.3,17,home,29.2,ballla01,LaMelo Ball,2025-26
2025-12-20,CHO,DET,"L, 86-112",*,23:04,3,14,.214,2,7,.286,1,7,.143,.286,0,0,,0,1,1,6,2,2,4,6,8,0.9,-27,away,23.066666666666663,ballla01,LaMelo Ball,2025-26
2025-12-22,CHO,CLE,"L, 132-139",*,24:24,8,16,.500,6,10,.600,2,6,.333,.688,1,1,1.000,0,4,4,9,0,0,3,1,23,19.1,-7,away,24.4,ballla01,LaMelo Ball,2025-26
2025-12-23,CHO,WAS,"W, 126-109",*,24:48,7,12,.583,4,9,.444,3,3,1.000,.750,5,6,.833,0,2,2,9,1,1,2,3,23,22.4,20,home,24.8,ballla01,LaMelo Ball,2025-26
2025-12-26,CHO,ORL,"W, 120-105",*,28:38,7,20,.350,4,10,.400,3,10,.300,.450,4,6,.667,1,6,7,5,1,0,6,3,22,9.8,11,away,28.633333333333333,ballla01,LaMelo Ball,2025-26
2025-12-29,CHO,MIL,"L, 113-123",*,29:06,9,23,.391,6,13,.462,3,10,.300,.522,2,2,1.000,1,1,2,7,1,0,6,2,26,13.6,-19,home,29.1,ballla01,LaMelo Ball,2025-26
2025-12-31,CHO,GSW,"L, 125-132",*,30:18,9,13,.692,7,10,.700,2,3,.667,.962,2,2,1.000,1,4,5,5,3,0,5,1,27,24.5,-3,home,30.3,ballla01,LaMelo Ball,2025-26
2026-01-02,CHO,MIL,"L, 121-122",*,25:55,4,12,.333,2,7,.286,2,5,.400,.417,2,2,1.000,0,2,2,7,2,0,0,0,12,12.7,-9,away,25.916666666666668,ballla01,LaMelo Ball,2025-26
2026-01-03,CHO,CHI,"W, 112-99",*,26:26,7,15,.467,3,8,.375,4,7,.571,.567,0,0,,0,6,6,7,2,0,1,1,17,16.6,12,away,26.433333333333334,ballla01,LaMelo Ball,2025-26
2026-01-05,CHO,OKC,"W, 124-97",*,25:12,5,10,.500,4,7,.571,1,3,.333,.700,2,2,1.000,2,0,2,2,0,0,4,5,16,7.8,10,away,25.2,ballla01,LaMelo Ball,2025-26
2026-01-07,CHO,TOR,"L, 96-97",*,25:08,7,20,.350,1,7,.143,6,13,.462,.375,0,0,,3,4,7,7,1,0,1,1,15,11.6,17,home,25.133333333333333,ballla01,LaMelo Ball,2025-26
2026-01-08,CHO,IND,"L, 112-114",,26:49,12,24,.500,7,15,.467,5,9,.556,.646,2,2,1.000,0,3,3,8,3,0,3,3,33,26.3,19,home,26.816666666666663,ballla01,LaMelo Ball,2025-26
2026-01-10,CHO,UTA,"W, 150-95",*,22:36,5,12,.417,5,11,.455,0,1,.000,.625,2,2,1.000,0,5,5,5,0,0,5,3,17,9.4,37,away,22.6,ballla01,LaMelo Ball,2025-26
2026-01-12,CHO,LAC,"L, 109-117",*,32:15,11,24,.458,3,11,.273,8,13,.615,.521,0,0,,2,7,9,5,1,0,3,1,25,17.2,-6,away,32.25,ballla01,LaMelo Ball,2025-26
2026-01-15,CHO,LAL,"W, 135-117",*,28:36,10,20,.500,9,17,.529,1,3,.333,.725,1,1,1.000,1,5,6,11,0,1,2,4,30,27.0,5,away,28.6,ballla01,LaMelo Ball,2025-26
2026-01-17,CHO,GSW,"L, 116-136",,20:57,5,17,.294,1,8,.125,4,9,.444,.324,4,4,1.000,1,3,4,2,0,0,1,0,15,7.1,-9,away,20.95,ballla01,LaMelo Ball,2025-26
2026-01-18,CHO,DEN,"W, 110-87",*,19:27,4,11,.364,2,7,.286,2,4,.500,.455,0,0,,0,1,1,6,3,0,1,3,10,9.2,22,away,19.45,ballla01,LaMelo Ball,2025-26
2026-01-21,CHO,CLE,"L, 87-94",,22:18,1,15,.067,0,10,.000,1,5,.200,.067,0,0,,1,4,5,7,2,1,2,4,2,-2.2,-16,home,22.3,ballla01,LaMelo Ball,2025-26
2026-01-22,CHO,ORL,"W, 124-97",*,28:15,6,12,.500,4,8,.500,2,4,.500,.667,0,0,,0,6,6,7,0,1,2,2,16,14.6,9,away,28.25,ballla01,LaMelo Ball,2025-26
2026-01-24,CHO,WAS,"W, 119-115",*,31:36,8,19,.421,3,9,.333,5,10,.500,.500,1,1,1.000,0,2,2,11,1,0,3,2,20,15.4,6,home,31.6,ballla01,LaMelo Ball,2025-26
2026-01-26,CHO,PHI,"W, 130-93",*,20:24,4,12,.333,2,6,.333,2,6,.333,.417,1,1,1.000,2,0,2,8,1,0,4,1,11,7.8,36,home,20.4,ballla01,LaMelo Ball,2025-26
2026-01-28,CHO,MEM,"W, 112-97",*,23:26,6,14,.429,4,9,.444,2,5,.400,.571,0,0,,0,1,1,4,2,0,2,1,16,11.3,32,away,23.433333333333334,ballla01,LaMelo Ball,2025-26
2026-01-29,CHO,DAL,"W, 123-121",*,30:49,8,17,.471,6,10,.600,2,7,.286,.647,0,0,,1,2,3,9,0,1,3,1,22,18.2,9,away,30.816666666666663,ballla01,LaMelo Ball,2025-26
2026-01-31,CHO,SAS,"W, 111-106",*,31:53,5,15,.333,2,6,.333,3,9,.333,.400,4,5,.800,0,8,8,8,0,0,3,3,16,10.9,7,home,31.883333333333333,ballla01,LaMelo Ball,2025-26
2026-02-02,CHO,NOP,"W, 102-95",*,29:58,8,20,.400,3,14,.214,5,6,.833,.475,5,5,1.000,0,8,8,5,2,0,2,2,24,18.3,24,home,29.966666666666665,ballla01,LaMelo Ball,2025-26
2026-02-05,CHO,HOU,"W, 109-99",*,28:34,7,19,.368,5,12,.417,2,7,.286,.500,1,2,.500,1,5,6,4,0,0,3,1,20,10.7,8,away,28.566666666666663,ballla01,LaMelo Ball,2025-26
2026-02-07,CHO,ATL,"W, 126-119",*,31:26,7,20,.350,2,8,.250,5,12,.417,.400,3,3,1.000,1,0,1,9,2,0,2,2,19,14.0,-6,away,31.433333333333334,ballla01,LaMelo Ball,2025-26
2026-02-09,CHO,DET,"L, 104-110",*,29:29,8,22,.364,4,12,.333,4,10,.400,.455,0,0,,1,3,4,4,0,0,3,5,20,7.2,-12,home,29.48333333333333,ballla01,LaMelo Ball,2025-26
2026-02-11,CHO,ATL,"W, 110-107",*,32:26,8,23,.348,7,18,.389,1,5,.200,.500,1,1,1.000,0,4,4,6,1,0,1,4,24,14.9,9,home,32.43333333333333,ballla01,LaMelo Ball,2025-26
2026-02-19,CHO,HOU,"L, 101-105",*,31:17,5,14,.357,1,6,.167,4,8,.500,.393,0,0,,0,7,7,7,1,0,1,1,11,9.8,11,home,31.28333333333333,ballla01,LaMelo Ball,2025-26
2026-02-20,CHO,CLE,"L, 113-118",*,27:00,4,17,.235,2,10,.200,2,7,.286,.294,8,8,1.000,1,1,2,6,0,0,2,4,18,9.3,6,home,27.0,ballla01,LaMelo Ball,2025-26
2026-02-22,CHO,WAS,"W, 129-112",*,27:29,12,20,.600,10,15,.667,2,5,.400,.850,3,3,1.000,1,7,8,7,1,0,0,1,37,36.1,20,away,27.48333333333333,ballla01,LaMelo Ball,2025-26
2026-02-24,CHO,CHI,"W, 131-99",*,23:14,6,16,.375,4,12,.333,2,4,.500,.500,0,0,,0,3,3,7,1,0,2,3,16,10.8,31,away,23.23333333333333,ballla01,LaMelo Ball,2025-26
2026-02-26,CHO,IND,"W, 133-109",*,21:35,7,12,.583,3,8,.375,4,4,1.000,.708,3,3,1.000,0,4,4,8,1,1,3,1,20,19.5,24,away,21.58333333333333,ballla01,LaMelo Ball,2025-26
2026-02-28,CHO,POR,"W, 109-93",*,29:52,6,19,.316,2,7,.286,4,12,.333,.368,1,1,1.000,1,3,4,8,2,0,1,2,15,11.5,17,home,29.866666666666667,ballla01,LaMelo Ball,2025-26
2026-03-03,CHO,DAL,"W, 117-90",*,29:16,5,19,.263,4,13,.308,1,6,.167,.368,1,1,1.000,1,4,5,9,5,1,4,4,15,12.0,-5,home,29.266666666666666,ballla01,LaMelo Ball,2025-26
2026-03-04,CHO,BOS,"W, 118-89",*,23:18,7,17,.412,4,10,.400,3,7,.429,.529,0,0,,2,5,7,4,0,0,0,4,18,13.0,9,away,23.3,ballla01,LaMelo Ball,2025-26
2026-03-06,CHO,MIA,"L, 120-128",*,32:58,7,22,.318,5,15,.333,2,7,.286,.432,2,2,1.000,0,2,2,5,1,0,3,2,21,9.7,-15,home,32.96666666666667,ballla01,LaMelo Ball,2025-26
2026-03-08,CHO,PHO,"L, 99-111",*,33:15,9,19,.474,4,12,.333,5,7,.714,.579,0,0,,0,7,7,6,0,0,2,4,22,15.0,2,away,33.25,ballla01,LaMelo Ball,2025-26
2026-03-10,CHO,POR,"W, 103-101",*,22:12,6,16,.375,2,7,.286,4,9,.444,.438,0,0,,3,1,4,4,1,0,3,6,14,6.0,-4,away,22.2,ballla01,LaMelo Ball,2025-26
2026-03-11,CHO,SAC,"W, 117-109",*,30:37,10,22,.455,6,13,.462,4,9,.444,.591,4,4,1.000,2,4,6,5,1,0,3,1,30,22.3,16,away,30.616666666666667,ballla01,LaMelo Ball,2025-26
2026-03-14,CHO,SAS,"L, 102-115",*,21:54,6,13,.462,4,10,.400,2,3,.667,.615,1,2,.500,1,3,4,2,3,1,1,4,17,14.0,-22,away,21.9,ballla01,LaMelo Ball,2025-26
2026-03-17,CHO,MIA,"W, 136-106",*,33:08,11,22,.500,4,12,.333,7,10,.700,.591,4,5,.800,1,5,6,13,1,0,5,2,30,25.1,32,home,33.13333333333333,ballla01,LaMelo Ball,2025-26
2026-03-19,CHO,ORL,"W, 130-111",*,20:14,7,13,.538,3,8,.375,4,5,.800,.654,3,3,1.000,2,4,6,5,3,1,3,3,20,19.3,12,home,20.23333333333333,ballla01,LaMelo Ball,2025-26
2026-03-21,CHO,MEM,"W, 124-101",*,28:43,9,19,.474,7,14,.500,2,5,.400,.658,4,5,.800,1,2,3,4,3,1,3,4,29,22.1,12,home,28.716666666666665,ballla01,LaMelo Ball,2025-26
2026-03-24,CHO,SAC,"W, 134-90",*,23:19,7,16,.438,6,13,.462,1,3,.333,.625,0,0,,1,5,6,8,2,0,0,2,20,20.6,32,home,23.316666666666663,ballla01,LaMelo Ball,2025-26
2026-03-26,CHO,NYK,"W, 114-103",*,35:37,7,14,.500,4,9,.444,3,5,.600,.643,4,4,1.000,0,5,5,6,0,0,1,2,22,18.9,3,home,35.61666666666667,ballla01,LaMelo Ball,2025-26
2026-03-28,CHO,PHI,"L, 114-118",*,37:10,7,26,.269,5,18,.278,2,8,.250,.365,1,1,1.000,1,2,3,8,1,0,2,4,20,8.9,-7,home,37.16666666666666,ballla01,LaMelo Ball,2025-26
2026-03-29,CHO,BOS,"L, 99-114",*,26:26,7,19,.368,3,12,.250,4,7,.571,.447,2,2,1.000,2,2,4,3,1,0,4,4,19,8.0,-19,home,26.433333333333334,ballla01,LaMelo Ball,2025-26
2026-03-31,CHO,BRK,"W, 117-86",*,27:31,4,12,.333,3,10,.300,1,2,.500,.458,3,4,.750,0,7,7,9,0,0,3,3,14,11.0,24,away,27.516666666666666,ballla01,LaMelo Ball,2025-26
2026-04-02,CHO,PHO,"W, 127-107",*,25:10,6,13,.462,2,6,.333,4,7,.571,.538,1,1,1.000,0,2,2,11,1,0,0,3,15,16.4,13,home,25.166666666666668,ballla01,LaMelo Ball,2025-26
2026-04-03,CHO,IND,"W, 129-108",*,30:01,6,15,.400,5,12,.417,1,3,.333,.567,1,2,.500,1,5,6,9,2,0,3,2,18,16.2,17,home,30.016666666666666,ballla01,LaMelo Ball,2025-26
2026-04-05,CHO,MIN,"W, 122-108",*,31:24,13,22,.591,7,14,.500,6,8,.750,.750,2,2,1.000,0,3,3,8,1,0,4,2,35,27.5,15,away,31.4,ballla01,LaMelo Ball,2025-26
2026-04-07,CHO,BOS,"L, 102-113",*,36:33,12,24,.500,6,15,.400,6,9,.667,.625,6,6,1.000,1,4,5,6,1,0,4,4,36,25.5,-1,away,36.55,ballla01,LaMelo Ball,2025-26
2026-04-10,CHO,DET,"L, 100-118",*,32:41,7,20,.350,6,16,.375,1,4,.250,.500,7,7,1.000,3,2,5,8,2,1,4,3,27,21.6,-14,home,32.68333333333333,ballla01,LaMelo Ball,2025-26
2026-04-12,CHO,NYK,"W, 110-96",*,29:05,7,19,.368,5,16,.313,2,3,.667,.500,0,0,,2,5,7,6,2,1,5,3,19,12.1,2,away,29.08333333333333,ballla01,LaMelo Ball,2025-26
2025-10-22,NYK,CLE,"W, 119-111",*,37:30,9,17,.529,4,9,.444,5,8,.625,.647,2,4,.500,2,12,14,2,3,1,4,0,24,21.0,10,home,37.5,anunoog01,OG Anunoby,2025-26
2025-10-24,NYK,BOS,"W, 105-95",*,29:07,3,10,.300,2,7,.286,1,3,.333,.400,2,2,1.000,1,1,2,1,2,0,1,3,10,5.7,10,home,29.116666666666667,anunoog01,OG Anunoby,2025-26
2025-10-26,NYK,MIA,"L, 107-115",*,36:32,4,13,.308,4,12,.333,0,1,.000,.462,2,2,1.000,1,5,6,1,3,1,2,4,14,9.5,4,away,36.53333333333333,anunoog01,OG Anunoby,2025-26
2025-10-28,NYK,MIL,"L, 111-121",*,33:30,3,11,.273,1,6,.167,2,5,.400,.318,2,3,.667,2,4,6,5,1,1,2,4,9,6.3,-6,away,33.5,anunoog01,OG Anunoby,2025-26
2025-10-31,NYK,CHI,"L, 125-135",*,36:28,10,13,.769,5,7,.714,5,6,.833,.962,1,2,.500,1,3,4,3,1,1,1,4,26,23.3,6,away,36.46666666666667,anunoog01,OG Anunoby,2025-26
2025-11-02,NYK,CHI,"W, 128-116",*,34:48,8,17,.471,3,7,.429,5,10,.500,.559,2,2,1.000,0,2,2,4,2,1,1,1,21,17.0,22,home,34.8,anunoog01,OG Anunoby,2025-26
2025-11-03,NYK,WAS,"W, 119-102",*,32:02,7,13,.538,2,5,.400,5,8,.625,.615,0,0,,1,5,6,2,5,0,2,1,16,15.9,9,home,32.03333333333333,anunoog01,OG Anunoby,2025-26
2025-11-05,NYK,MIN,"W, 137-114",*,31:30,10,17,.588,3,5,.600,7,12,.583,.676,2,2,1.000,5,3,8,1,2,1,1,1,25,23.5,14,home,31.5,anunoog01,OG Anunoby,2025-26
2025-11-09,NYK,BRK,"W, 134-98",*,27:06,6,11,.545,4,6,.667,2,5,.400,.727,3,4,.750,4,4,8,3,1,0,1,1,19,19.0,32,home,27.1,anunoog01,OG Anunoby,2025-26
2025-11-11,NYK,MEM,"W, 133-120",*,35:34,7,17,.412,1,10,.100,6,7,.857,.441,1,2,.500,0,4,4,3,2,0,4,5,16,5.8,24,home,35.56666666666667,anunoog01,OG Anunoby,2025-26
2025-11-12,NYK,ORL,"L, 107-124",*,33:56,2,4,.500,2,4,.500,0,0,,.750,2,2,1.000,0,4,4,1,1,2,3,3,8,6.1,1,home,33.93333333333333,anunoog01,OG Anunoby,2025-26
2025-11-14,NYK,MIA,"W, 140-132",*,05:08,1,4,.250,0,1,.000,1,3,.333,.250,0,0,,2,1,3,0,0,0,0,1,2,0.9,1,home,5.133333333333334,anunoog01,OG Anunoby,2025-26
2025-12-05,NYK,UTA,"W, 146-112",*,22:43,4,8,.500,0,2,.000,4,6,.667,.500,3,4,.750,0,0,0,1,0,0,2,1,11,4.9,7,home,22.716666666666665,anunoog01,OG Anunoby,2025-26
2025-12-07,NYK,ORL,"W, 106-100",*,27:39,8,14,.571,5,7,.714,3,7,.429,.750,0,0,,1,6,7,0,3,0,0,4,21,18.3,20,home,27.65,anunoog01,OG Anunoby,2025-26
2025-12-09,NYK,TOR,"W, 117-101",*,35:59,4,11,.364,1,6,.167,3,5,.600,.409,4,4,1.000,1,5,6,1,2,2,3,3,13,9.0,6,away,35.983333333333334,anunoog01,OG Anunoby,2025-26
2025-12-13,NYK,ORL,"W, 132-120",*,40:12,8,13,.615,3,4,.750,5,9,.556,.731,5,6,.833,1,5,6,4,3,1,4,2,24,21.6,14,away,40.2,anunoog01,OG Anunoby,2025-26
2025-12-18,NYK,IND,"W, 114-113",*,33:42,5,13,.385,2,7,.286,3,6,.500,.462,4,7,.571,1,5,6,1,2,0,3,3,16,8.4,11,away,33.7,anunoog01,OG Anunoby,2025-26
2025-12-19,NYK,PHI,"L, 107-116",*,31:52,1,9,.111,0,4,.000,1,5,.200,.111,0,0,,2,1,3,1,0,1,2,2,2,-3.6,-11,home,31.866666666666667,anunoog01,OG Anunoby,2025-26
2025-12-21,NYK,MIA,"W, 132-125",*,33:32,6,12,.500,2,6,.333,4,6,.667,.583,4,5,.800,0,2,2,3,1,2,4,4,18,11.1,3,home,33.53333333333333,anunoog01,OG Anunoby,2025-26
2025-12-25,NYK,CLE,"W, 126-124",*,33:05,3,7,.429,1,4,.250,2,3,.667,.500,1,1,1.000,0,2,2,2,0,1,1,1,8,5.6,-3,home,33.083333333333336,anunoog01,OG Anunoby,2025-26
2025-12-27,NYK,ATL,"W, 128-125",*,38:11,3,10,.300,2,5,.400,1,5,.200,.400,7,7,1.000,3,7,10,5,3,1,1,4,15,18.0,0,away,38.18333333333333,anunoog01,OG Anunoby,2025-26
2025-12-29,NYK,NOP,"W, 130-125",*,37:05,8,22,.364,1,8,.125,7,14,.500,.386,6,6,1.000,2,9,11,1,3,1,2,3,23,16.1,16,away,37.083333333333336,anunoog01,OG Anunoby,2025-26
2025-12-31,NYK,SAS,"L, 132-134",*,34:08,3,10,.300,0,5,.000,3,5,.600,.300,3,4,.750,0,5,5,2,2,1,2,4,9,4.8,-25,away,34.13333333333333,anunoog01,OG Anunoby,2025-26
2026-01-02,NYK,ATL,"L, 99-111",*,34:59,5,13,.385,1,6,.167,4,7,.571,.423,8,10,.800,2,8,10,1,2,0,3,4,19,13.0,-14,home,34.983333333333334,anunoog01,OG Anunoby,2025-26
2026-01-03,NYK,PHI,"L, 119-130",*,37:15,6,11,.545,3,5,.600,3,6,.500,.682,4,4,1.000,4,2,6,6,1,1,4,3,19,17.8,-8,home,37.25,anunoog01,OG Anunoby,2025-26
2026-01-05,NYK,DET,"L, 90-121",*,28:41,1,4,.250,0,2,.000,1,2,.500,.250,3,4,.750,0,2,2,1,3,1,2,2,5,4.4,-31,away,28.683333333333334,anunoog01,OG Anunoby,2025-26
2026-01-07,NYK,LAC,"W, 123-111",*,31:57,8,10,.800,2,3,.667,6,7,.857,.900,2,2,1.000,0,3,3,0,1,0,2,3,20,14.9,7,home,31.95,anunoog01,OG Anunoby,2025-26
2026-01-09,NYK,PHO,"L, 107-112",*,37:52,3,9,.333,2,5,.400,1,4,.250,.444,7,9,.778,3,5,8,3,0,0,1,1,15,13.4,5,away,37.86666666666667,anunoog01,OG Anunoby,2025-26
2026-01-11,NYK,POR,"W, 123-114",*,34:23,9,15,.600,4,7,.571,5,8,.625,.733,2,2,1.000,1,6,7,3,1,0,1,3,24,20.5,10,away,34.38333333333333,anunoog01,OG Anunoby,2025-26
2026-01-14,NYK,SAC,"L, 101-112",*,27:21,5,13,.385,0,6,.000,5,7,.714,.385,5,8,.625,1,2,3,4,0,2,1,4,15,9.6,-16,away,27.35,anunoog01,OG Anunoby,2025-26
2026-01-15,NYK,GSW,"L, 113-126",*,37:20,10,20,.500,1,4,.250,9,16,.563,.525,4,5,.800,1,3,4,1,1,0,1,2,25,16.1,-6,away,37.333333333333336,anunoog01,OG Anunoby,2025-26
2026-01-17,NYK,PHO,"L, 99-106",*,38:34,6,17,.353,1,7,.143,5,10,.500,.382,8,10,.800,3,5,8,5,3,1,4,1,21,17.1,-4,home,38.56666666666667,anunoog01,OG Anunoby,2025-26
2026-01-19,NYK,DAL,"L, 97-114",*,31:25,3,8,.375,1,4,.250,2,4,.500,.438,2,2,1.000,2,4,6,2,3,1,3,3,9,8.1,-12,home,31.416666666666668,anunoog01,OG Anunoby,2025-26
2026-01-21,NYK,BRK,"W, 120-66",*,29:51,2,4,.500,0,0,,2,4,.500,.500,1,2,.500,1,4,5,3,0,0,3,2,5,2.8,28,home,29.85,anunoog01,OG Anunoby,2025-26
2026-01-24,NYK,PHI,"W, 112-109",*,36:24,10,15,.667,2,3,.667,8,12,.667,.733,1,2,.500,3,4,7,4,2,0,2,0,23,22.2,-8,away,36.4,anunoog01,OG Anunoby,2025-26
2026-01-27,NYK,SAC,"W, 103-87",*,32:28,5,7,.714,3,4,.750,2,3,.667,.929,2,2,1.000,1,1,2,0,2,0,7,3,15,6.9,5,home,32.46666666666667,anunoog01,OG Anunoby,2025-26
2026-01-28,NYK,TOR,"W, 119-92",*,33:44,11,18,.611,2,6,.333,9,12,.750,.667,2,3,.667,0,3,3,5,6,2,0,3,26,28.0,18,away,33.733333333333334,anunoog01,OG Anunoby,2025-26
2026-01-30,NYK,POR,"W, 127-97",*,30:50,10,16,.625,4,8,.500,6,8,.750,.750,0,0,,1,5,6,3,0,1,3,3,24,17.6,34,home,30.83333333333333,anunoog01,OG Anunoby,2025-26
2026-02-01,NYK,LAL,"W, 112-100",*,33:48,9,15,.600,4,8,.500,5,7,.714,.733,3,4,.750,3,5,8,3,3,0,1,1,25,25.0,21,home,33.8,anunoog01,OG Anunoby,2025-26
2026-02-03,NYK,WAS,"W, 132-101",*,27:05,6,11,.545,3,6,.500,3,5,.600,.682,4,5,.800,0,4,4,2,1,1,1,2,19,15.8,13,away,27.08333333333333,anunoog01,OG Anunoby,2025-26
2026-02-04,NYK,DEN,"W, 134-127 (2OT)",*,47:57,7,17,.412,4,9,.444,3,8,.375,.529,2,2,1.000,3,5,8,4,0,0,0,3,20,16.1,13,home,47.95,anunoog01,OG Anunoby,2025-26
2026-02-19,NYK,DET,"L, 111-126",*,31:35,3,13,.231,1,8,.125,2,5,.400,.269,1,2,.500,0,0,0,0,0,4,0,4,8,0.9,1,home,31.58333333333333,anunoog01,OG Anunoby,2025-26
2026-02-21,NYK,HOU,"W, 108-106",*,40:18,8,16,.500,2,7,.286,6,9,.667,.563,2,2,1.000,1,1,2,1,4,0,1,2,20,15.9,6,home,40.3,anunoog01,OG Anunoby,2025-26
2026-02-22,NYK,CHI,"W, 105-99",*,33:33,4,11,.364,0,4,.000,4,7,.571,.364,1,2,.500,2,7,9,2,2,1,1,2,9,8.3,17,away,33.55,anunoog01,OG Anunoby,2025-26
2026-02-24,NYK,CLE,"L, 94-109",*,34:16,2,9,.222,1,6,.167,1,3,.333,.278,0,0,,0,3,3,2,0,1,1,2,5,0.7,-12,away,34.266666666666666,anunoog01,OG Anunoby,2025-26
2026-02-27,NYK,MIL,"W, 127-98",*,28:04,8,10,.800,5,7,.714,3,3,1.000,1.050,3,4,.750,0,3,3,3,2,0,1,3,24,22.6,20,away,28.066666666666663,anunoog01,OG Anunoby,2025-26
2026-03-01,NYK,SAS,"W, 114-89",*,34:52,5,11,.455,2,5,.400,3,6,.500,.545,0,0,,2,3,5,1,1,1,1,1,12,9.6,16,home,34.86666666666667,anunoog01,OG Anunoby,2025-26
2026-03-03,NYK,TOR,"W, 111-95",*,26:47,5,6,.833,2,2,1.000,3,4,.750,1.000,3,4,.750,0,5,5,0,0,0,2,4,15,10.3,8,away,26.78333333333333,anunoog01,OG Anunoby,2025-26
2026-03-04,NYK,OKC,"L, 100-103",*,37:44,6,17,.353,4,13,.308,2,4,.500,.471,0,0,,0,3,3,0,3,2,3,3,16,7.6,-4,home,37.73333333333333,anunoog01,OG Anunoby,2025-26
2026-03-06,NYK,DEN,"W, 142-103",*,31:45,11,17,.647,6,11,.545,5,6,.833,.824,6,6,1.000,3,4,7,5,4,1,0,1,34,37.6,17,away,31.75,anunoog01,OG Anunoby,2025-26
2026-03-08,NYK,LAL,"L, 97-110",*,37:58,5,11,.455,1,4,.250,4,7,.571,.500,2,2,1.000,3,5,8,1,1,0,2,4,13,9.0,-9,away,37.96666666666667,anunoog01,OG Anunoby,2025-26
2026-03-09,NYK,LAC,"L, 118-126",*,37:20,8,15,.533,3,8,.375,5,7,.714,.633,3,4,.750,2,4,6,2,2,0,4,2,22,15.5,-3,away,37.333333333333336,anunoog01,OG Anunoby,2025-26
2026-03-11,NYK,UTA,"W, 134-117",*,30:49,7,10,.700,3,5,.600,4,5,.800,.850,5,5,1.000,1,1,2,1,2,1,1,3,22,20.0,11,away,30.816666666666663,anunoog01,OG Anunoby,2025-26
2026-03-13,NYK,IND,"W, 101-92",*,34:16,8,16,.500,2,4,.500,6,12,.500,.563,7,9,.778,1,7,8,5,0,0,2,2,25,19.7,13,away,34.266666666666666,anunoog01,OG Anunoby,2025-26
2026-03-15,NYK,GSW,"W, 110-107",*,29:18,3,6,.500,2,4,.500,1,2,.500,.667,6,6,1.000,3,1,4,1,0,0,1,3,14,11.9,0,home,29.3,anunoog01,OG Anunoby,2025-26
2026-03-17,NYK,IND,"W, 136-110",*,29:14,10,13,.769,4,5,.800,6,8,.750,.923,2,2,1.000,1,7,8,4,1,0,1,2,26,25.7,25,home,29.23333333333333,anunoog01,OG Anunoby,2025-26
2026-03-20,NYK,BRK,"W, 93-92",*,35:05,7,13,.538,1,6,.167,6,7,.857,.577,1,2,.500,0,3,3,1,2,1,4,2,16,8.8,14,away,35.083333333333336,anunoog01,OG Anunoby,2025-26
2026-03-22,NYK,WAS,"W, 145-113",*,29:17,3,7,.429,1,3,.333,2,4,.500,.500,2,2,1.000,0,2,2,0,0,0,4,0,9,1.9,13,home,29.28333333333333,anunoog01,OG Anunoby,2025-26
2026-03-24,NYK,NOP,"W, 121-116",*,39:38,7,16,.438,5,13,.385,2,3,.667,.594,2,2,1.000,0,4,4,4,3,1,0,4,21,18.7,17,home,39.63333333333333,anunoog01,OG Anunoby,2025-26
2026-03-26,NYK,CHO,"L, 103-114",*,39:06,6,10,.600,5,9,.556,1,1,1.000,.850,0,0,,1,2,3,2,0,1,2,2,17,13.0,-1,away,39.1,anunoog01,OG Anunoby,2025-26
2026-03-29,NYK,OKC,"L, 100-111",*,32:48,2,9,.222,2,7,.286,0,2,.000,.333,4,4,1.000,0,0,0,3,1,0,1,4,10,5.0,-17,away,32.8,anunoog01,OG Anunoby,2025-26
2026-03-31,NYK,HOU,"L, 94-111",*,38:13,3,9,.333,2,8,.250,1,1,1.000,.444,0,0,,1,5,6,0,2,1,0,1,8,7.4,-14,away,38.21666666666667,anunoog01,OG Anunoby,2025-26
2026-04-01,NYK,MEM,"W, 130-119",*,39:42,8,17,.471,4,8,.500,4,9,.444,.588,5,6,.833,3,10,13,3,1,2,1,3,25,23.3,15,away,39.7,anunoog01,OG Anunoby,2025-26
2026-04-03,NYK,CHI,"W, 136-96",*,30:30,9,15,.600,7,10,.700,2,5,.400,.833,6,6,1.000,0,8,8,2,0,1,1,2,31,26.8,32,home,30.5,anunoog01,OG Anunoby,2025-26
2026-04-06,NYK,ATL,"W, 108-105",*,36:56,7,14,.500,4,10,.400,3,4,.750,.643,4,4,1.000,2,3,5,1,0,2,3,1,22,16.0,10,away,36.93333333333333,anunoog01,OG Anunoby,2025-26
2026-04-09,NYK,BOS,"W, 112-106",*,36:10,4,10,.400,3,7,.429,1,3,.333,.550,2,2,1.000,0,4,4,1,2,0,1,3,13,9.3,3,home,36.16666666666666,anunoog01,OG Anunoby,2025-26
2026-04-10,NYK,TOR,"W, 112-95",*,15:23,1,4,.250,0,3,.000,1,1,1.000,.250,0,0,,0,5,5,3,0,0,0,2,2,2.4,9,home,15.383333333333333,anunoog01,OG Anunoby,2025-26
2025-10-22,PHO,SAC,"W, 120-116",*,35:35,6,12,.500,3,7,.429,3,5,.600,.625,3,3,1.000,1,4,5,7,1,0,4,3,18,14.6,1,home,35.583333333333336,allengr01,Grayson Allen,2025-26
2025-10-24,PHO,LAC,"L, 102-129",*,28:43,4,12,.333,3,9,.333,1,3,.333,.458,1,1,1.000,1,0,1,5,1,1,0,2,12,10.3,-11,away,28.716666666666665,allengr01,Grayson Allen,2025-26
2025-10-25,PHO,DEN,"L, 111-133",*,33:08,6,12,.500,5,10,.500,1,2,.500,.708,0,0,,0,4,4,5,1,0,0,3,17,15.5,-10,away,33.13333333333333,allengr01,Grayson Allen,2025-26
2025-10-27,PHO,UTA,"L, 134-138 (OT)",*,41:52,7,19,.368,4,13,.308,3,6,.500,.474,5,7,.714,1,1,2,5,1,0,3,5,23,12.2,-8,away,41.86666666666667,allengr01,Grayson Allen,2025-26
2025-10-29,PHO,MEM,"L, 113-114",*,36:19,4,10,.400,2,6,.333,2,4,.500,.500,4,4,1.000,0,3,3,4,0,0,5,2,14,6.5,-2,home,36.31666666666667,allengr01,Grayson Allen,2025-26
2025-10-31,PHO,UTA,"W, 118-96",*,31:58,5,15,.333,2,9,.222,3,6,.500,.400,2,3,.667,1,6,7,6,3,1,1,3,14,13.3,17,home,31.966666666666665,allengr01,Grayson Allen,2025-26
2025-11-02,PHO,SAS,"W, 130-118",*,34:11,6,13,.462,5,9,.556,1,4,.250,.654,0,0,,0,3,3,3,0,0,2,3,17,10.1,17,home,34.18333333333333,allengr01,Grayson Allen,2025-26
2025-11-04,PHO,GSW,"L, 107-118",*,35:07,6,15,.400,4,9,.444,2,6,.333,.533,0,0,,0,4,4,5,3,0,1,4,16,13.0,-20,away,35.11666666666667,allengr01,Grayson Allen,2025-26
2025-11-06,PHO,LAC,"W, 115-102",*,36:28,7,13,.538,4,9,.444,3,4,.750,.692,0,0,,0,3,3,4,3,1,2,4,18,15.5,22,home,36.46666666666667,allengr01,Grayson Allen,2025-26
2025-11-08,PHO,LAC,"W, 114-103",*,31:12,5,12,.417,4,7,.571,1,5,.200,.583,0,0,,0,0,0,3,1,0,2,0,14,8.7,13,away,31.2,allengr01,Grayson Allen,2025-26
2025-11-10,PHO,NOP,"W, 121-98",*,27:31,12,17,.706,10,15,.667,2,2,1.000,1.000,8,10,.800,1,1,2,4,3,0,1,0,42,39.9,22,home,27.516666666666666,allengr01,Grayson Allen,2025-26
2025-11-12,PHO,DAL,"W, 123-114",*,32:51,8,17,.471,4,9,.444,4,8,.500,.588,3,4,.750,1,4,5,3,3,1,2,1,23,19.2,2,away,32.85,allengr01,Grayson Allen,2025-26
2025-11-13,PHO,IND,"W, 133-98",*,12:10,5,6,.833,1,2,.500,4,4,1.000,.917,1,2,.500,0,1,1,2,1,0,0,0,12,12.1,8,home,12.166666666666666,allengr01,Grayson Allen,2025-26
2025-11-29,PHO,DEN,"L, 112-130",*,25:48,4,11,.364,2,7,.286,2,4,.500,.455,0,0,,1,0,1,3,2,0,0,3,10,7.5,-5,home,25.8,allengr01,Grayson Allen,2025-26
2025-12-05,PHO,HOU,"L, 98-117",*,26:09,3,12,.250,1,7,.143,2,5,.400,.292,2,2,1.000,0,2,2,0,1,0,3,3,9,-0.8,-29,away,26.15,allengr01,Grayson Allen,2025-26
2025-12-08,PHO,MIN,"W, 108-105",*,32:43,5,16,.313,1,8,.125,4,8,.500,.344,1,3,.333,1,2,3,4,2,0,2,5,12,4.1,-6,away,32.71666666666667,allengr01,Grayson Allen,2025-26
2025-12-10,PHO,OKC,"L, 89-138",*,21:53,3,9,.333,2,7,.286,1,2,.500,.444,2,2,1.000,1,0,1,4,1,0,1,2,10,7.6,-41,away,21.883333333333333,allengr01,Grayson Allen,2025-26
2025-12-14,PHO,LAL,"L, 114-116",*,35:03,4,11,.364,1,5,.200,3,6,.500,.409,4,4,1.000,0,2,2,7,3,0,2,1,13,13.0,-4,home,35.05,allengr01,Grayson Allen,2025-26
2026-01-05,PHO,HOU,"L, 97-100",,22:09,0,6,.000,0,4,.000,0,2,.000,.000,0,0,,0,3,3,6,4,0,3,0,0,1.9,-8,away,22.15,allengr01,Grayson Allen,2025-26
2026-01-07,PHO,MEM,"W, 117-98",,20:44,7,13,.538,5,10,.500,2,3,.667,.731,0,0,,0,0,0,1,0,1,3,3,19,9.9,10,away,20.73333333333333,allengr01,Grayson Allen,2025-26
2026-01-09,PHO,NYK,"W, 112-107",,25:52,2,10,.200,0,6,.000,2,4,.500,.200,6,6,1.000,2,1,3,1,1,0,1,1,10,5.8,8,home,25.866666666666667,allengr01,Grayson Allen,2025-26
2026-01-11,PHO,WAS,"W, 112-93",,23:38,4,10,.400,4,9,.444,0,1,.000,.600,0,0,,2,5,7,2,1,1,1,2,12,10.8,17,home,23.633333333333333,allengr01,Grayson Allen,2025-26
2026-01-13,PHO,MIA,"L, 121-127",,26:37,9,19,.474,6,14,.429,3,5,.600,.632,1,1,1.000,1,3,4,1,2,0,2,3,25,16.4,-2,away,26.616666666666667,allengr01,Grayson Allen,2025-26
2026-01-15,PHO,DET,"L, 105-108",*,30:36,11,25,.440,7,20,.350,4,5,.800,.580,4,4,1.000,1,4,5,0,0,3,2,4,33,20.3,-10,away,30.6,allengr01,Grayson Allen,2025-26
2026-01-17,PHO,NYK,"W, 106-99",,26:51,4,14,.286,4,13,.308,0,1,.000,.429,4,4,1.000,0,0,0,3,1,0,1,4,16,8.3,15,away,26.85,allengr01,Grayson Allen,2025-26
2026-01-19,PHO,BRK,"W, 126-117",,30:18,5,13,.385,4,10,.400,1,3,.333,.538,0,1,.000,1,2,3,8,0,0,0,2,14,12.6,-7,away,30.3,allengr01,Grayson Allen,2025-26
2026-01-20,PHO,PHI,"W, 116-110",,28:55,5,11,.455,4,9,.444,1,2,.500,.636,2,2,1.000,2,3,5,6,1,0,0,1,16,17.4,11,away,28.916666666666668,allengr01,Grayson Allen,2025-26
2026-01-23,PHO,ATL,"L, 103-110",,30:16,7,12,.583,1,5,.200,6,7,.857,.625,1,2,.500,0,3,3,3,4,0,2,2,16,14.2,8,away,30.266666666666666,allengr01,Grayson Allen,2025-26
2026-01-25,PHO,MIA,"L, 102-111",*,34:40,4,18,.222,1,11,.091,3,7,.429,.250,9,10,.900,3,3,6,3,0,0,1,4,18,9.1,-4,home,34.666666666666664,allengr01,Grayson Allen,2025-26
2026-01-27,PHO,BRK,"W, 106-102",*,34:08,7,11,.636,2,4,.500,5,7,.714,.727,2,3,.667,1,2,3,6,1,0,2,1,18,16.8,4,home,34.13333333333333,allengr01,Grayson Allen,2025-26
2026-01-29,PHO,DET,"W, 114-96",*,34:07,5,14,.357,4,12,.333,1,2,.500,.500,10,10,1.000,0,3,3,5,0,1,2,1,24,18.9,18,home,34.11666666666667,allengr01,Grayson Allen,2025-26
2026-01-30,PHO,CLE,"W, 126-113",*,26:57,4,8,.500,2,5,.400,2,3,.667,.625,3,5,.600,2,3,5,5,1,0,2,0,13,13.0,25,home,26.95,allengr01,Grayson Allen,2025-26
2026-02-01,PHO,LAC,"L, 93-117",*,36:25,7,21,.333,4,13,.308,3,8,.375,.429,5,6,.833,0,1,1,8,2,0,0,3,23,17.4,-3,home,36.41666666666666,allengr01,Grayson Allen,2025-26
2026-02-03,PHO,POR,"W, 130-125",*,35:58,9,17,.529,6,11,.545,3,6,.500,.706,0,0,,0,1,1,4,1,0,3,3,24,15.6,1,away,35.96666666666667,allengr01,Grayson Allen,2025-26
2026-02-05,PHO,GSW,"L, 97-101",*,32:32,7,17,.412,5,13,.385,2,4,.500,.559,2,2,1.000,1,4,5,4,1,0,3,1,21,14.2,4,home,32.53333333333333,allengr01,Grayson Allen,2025-26
2026-02-21,PHO,ORL,"W, 113-110 (2OT)",,33:11,8,22,.364,4,14,.286,4,8,.500,.455,7,7,1.000,1,6,7,2,1,1,2,0,27,18.4,0,home,33.18333333333333,allengr01,Grayson Allen,2025-26
2026-02-24,PHO,BOS,"L, 81-97",,24:13,2,12,.167,1,9,.111,1,3,.333,.208,9,10,.900,0,3,3,1,0,0,2,2,14,4.8,-13,home,24.216666666666665,allengr01,Grayson Allen,2025-26
2026-02-26,PHO,LAL,"W, 113-110",,31:01,9,24,.375,6,16,.375,3,8,.375,.500,4,4,1.000,0,1,1,6,1,1,1,3,28,18.8,-14,home,31.016666666666666,allengr01,Grayson Allen,2025-26
2026-03-03,PHO,SAC,"W, 114-103",,25:20,6,15,.400,4,12,.333,2,3,.667,.533,2,2,1.000,1,2,3,6,3,0,3,0,18,15.4,18,away,25.33333333333333,allengr01,Grayson Allen,2025-26
2026-03-05,PHO,CHI,"L, 103-105",,32:36,6,19,.316,5,16,.313,1,3,.333,.447,4,4,1.000,1,1,2,8,1,0,2,3,21,14.5,9,home,32.6,allengr01,Grayson Allen,2025-26
2026-03-06,PHO,NOP,"W, 118-116",,29:27,4,10,.400,2,8,.250,2,2,1.000,.500,2,2,1.000,1,1,2,8,4,0,1,2,12,15.4,1,home,29.45,allengr01,Grayson Allen,2025-26
2026-03-10,PHO,MIL,"W, 129-114",,25:58,4,8,.500,2,5,.400,2,3,.667,.625,2,3,.667,1,2,3,3,0,0,1,2,12,9.2,13,away,25.966666666666665,allengr01,Grayson Allen,2025-26
2026-03-13,PHO,TOR,"L, 115-122",,29:25,3,7,.429,1,4,.250,2,3,.667,.500,8,10,.800,0,2,2,6,1,0,1,5,15,13.3,-8,away,29.416666666666668,allengr01,Grayson Allen,2025-26
2026-03-16,PHO,BOS,"L, 112-120",,21:42,3,7,.429,2,6,.333,1,1,1.000,.571,5,6,.833,0,1,1,2,0,0,0,2,13,9.8,-5,away,21.7,allengr01,Grayson Allen,2025-26
2026-03-24,PHO,DEN,"L, 123-125",,23:12,8,19,.421,5,12,.417,3,7,.429,.553,0,0,,1,4,5,3,1,0,0,0,21,15.9,-16,home,23.2,allengr01,Grayson Allen,2025-26
2026-03-28,PHO,UTA,"W, 134-109",,20:41,7,16,.438,4,11,.364,3,5,.600,.563,1,1,1.000,0,3,3,3,2,0,2,1,19,13.2,14,home,20.683333333333334,allengr01,Grayson Allen,2025-26
2026-03-31,PHO,ORL,"L, 111-115",,32:15,4,14,.286,2,10,.200,2,4,.500,.357,0,0,,0,2,2,1,0,0,2,6,10,-1.3,-5,away,32.25,allengr01,Grayson Allen,2025-26
2026-04-02,PHO,CHO,"L, 107-127",,24:32,4,10,.400,2,6,.333,2,4,.500,.500,3,5,.600,0,2,2,1,0,0,0,4,13,6.5,-16,away,24.53333333333333,allengr01,Grayson Allen,2025-26
2026-04-05,PHO,CHI,"W, 120-110",,16:10,1,2,.500,1,2,.500,0,0,,.750,3,4,.750,3,2,5,2,3,0,1,5,6,8.7,1,away,16.166666666666668,allengr01,Grayson Allen,2025-26
2026-04-07,PHO,HOU,"L, 105-119",,25:39,1,4,.250,0,2,.000,1,2,.500,.250,6,6,1.000,2,2,4,2,1,1,4,3,8,5.5,-18,home,25.65,allengr01,Grayson Allen,2025-26
2026-04-10,PHO,LAL,"L, 73-101",*,12:32,2,7,.286,1,5,.200,1,2,.500,.357,3,3,1.000,1,3,4,1,1,0,2,0,8,5.2,5,away,12.533333333333331,allengr01,Grayson Allen,2025-26
2025-10-22,CLE,NYK,"L, 111-119",*,28:13,1,4,.250,0,0,,1,4,.250,.250,2,4,.500,0,4,4,1,2,0,1,0,4,3.7,-4,away,28.216666666666665,allenja01,Jarrett Allen,2025-26
2025-10-24,CLE,BRK,"W, 131-124",*,30:25,8,11,.727,0,1,.000,8,10,.800,.727,6,9,.667,2,5,7,4,2,1,2,2,22,21.9,24,away,30.416666666666668,allenja01,Jarrett Allen,2025-26
2025-10-26,CLE,MIL,"W, 118-113",*,26:10,3,6,.500,0,0,,3,6,.500,.500,2,2,1.000,2,9,11,1,1,0,1,2,8,9.0,12,home,26.166666666666668,allenja01,Jarrett Allen,2025-26
2025-10-27,CLE,DET,"W, 116-95",*,25:11,7,12,.583,0,0,,7,12,.583,.583,6,7,.857,2,5,7,2,1,0,3,3,20,15.1,18,away,25.183333333333334,allenja01,Jarrett Allen,2025-26
2025-10-29,CLE,BOS,"L, 105-125",*,25:02,4,7,.571,0,0,,4,7,.571,.571,8,8,1.000,2,4,6,1,1,1,1,1,16,16.3,-4,away,25.03333333333333,allenja01,Jarrett Allen,2025-26
2025-11-05,CLE,PHI,"W, 132-121",*,29:31,11,17,.647,0,2,.000,11,15,.733,.647,2,2,1.000,3,7,10,1,3,3,0,2,24,25.7,24,home,29.516666666666666,allenja01,Jarrett Allen,2025-26
2025-11-07,CLE,WAS,"W, 148-115",*,26:00,7,13,.538,0,0,,7,13,.538,.538,2,4,.500,8,6,14,3,2,1,1,2,16,19.3,27,away,26.0,allenja01,Jarrett Allen,2025-26
2025-11-08,CLE,CHI,"W, 128-122",*,24:37,4,8,.500,0,0,,4,8,.500,.500,3,6,.500,2,1,3,2,1,2,2,2,11,8.5,3,home,24.616666666666667,allenja01,Jarrett Allen,2025-26
2025-11-10,CLE,MIA,"L, 138-140 (OT)",*,20:53,6,9,.667,0,0,,6,9,.667,.667,2,3,.667,3,4,7,2,0,1,3,0,14,12.1,8,away,20.883333333333333,allenja01,Jarrett Allen,2025-26
2025-11-12,CLE,MIA,"W, 130-116",*,27:26,12,20,.600,0,1,.000,12,19,.632,.600,6,7,.857,2,8,10,2,0,0,1,0,30,24.6,2,away,27.433333333333334,allenja01,Jarrett Allen,2025-26
2025-11-13,CLE,TOR,"L, 113-126",*,20:54,3,6,.500,0,0,,3,6,.500,.500,0,0,,2,6,8,0,1,1,2,2,6,5.1,-6,home,20.9,allenja01,Jarrett Allen,2025-26
2025-11-15,CLE,MEM,"W, 108-100",*,26:21,5,8,.625,0,0,,5,8,.625,.625,6,8,.750,1,5,6,2,0,1,2,2,16,13.1,1,home,26.35,allenja01,Jarrett Allen,2025-26
2025-11-17,CLE,MIL,"W, 118-106",*,24:46,4,7,.571,0,0,,4,7,.571,.571,4,4,1.000,2,4,6,2,0,1,2,0,12,11.4,0,home,24.766666666666666,allenja01,Jarrett Allen,2025-26
2025-11-19,CLE,HOU,"L, 104-114",*,28:16,4,9,.444,0,0,,4,9,.444,.444,0,0,,2,5,7,3,1,0,1,3,8,7.1,-9,home,28.266666666666666,allenja01,Jarrett Allen,2025-26
2025-11-28,CLE,ATL,"L, 123-130",*,27:59,3,6,.500,0,0,,3,6,.500,.500,2,2,1.000,3,5,8,1,0,1,2,1,8,7.6,-18,away,27.98333333333333,allenja01,Jarrett Allen,2025-26
2025-12-14,CLE,CHO,"L, 111-119 (OT)",*,22:54,3,8,.375,0,0,,3,8,.375,.375,3,5,.600,1,2,3,1,0,0,1,2,9,4.0,-5,home,22.9,allenja01,Jarrett Allen,2025-26
2025-12-17,CLE,CHI,"L, 111-127",*,27:36,7,9,.778,0,0,,7,9,.778,.778,0,0,,0,6,6,3,1,2,2,1,14,14.4,-13,away,27.6,allenja01,Jarrett Allen,2025-26
2025-12-19,CLE,CHI,"L, 125-136",*,29:45,6,9,.667,0,0,,6,9,.667,.667,2,2,1.000,4,8,12,5,2,1,1,2,14,19.7,-8,home,29.75,allenja01,Jarrett Allen,2025-26
2025-12-22,CLE,CHO,"W, 139-132",*,19:48,4,4,1.000,0,0,,4,4,1.000,1.000,4,4,1.000,1,4,5,2,1,2,2,4,12,12.9,4,home,19.8,allenja01,Jarrett Allen,2025-26
2025-12-23,CLE,NOP,"W, 141-118",*,26:17,6,9,.667,1,1,1.000,5,8,.625,.722,1,2,.500,1,8,9,3,0,0,1,4,14,12.3,15,home,26.28333333333333,allenja01,Jarrett Allen,2025-26
2025-12-25,CLE,NYK,"L, 124-126",*,23:07,3,4,.750,0,0,,3,4,.750,.750,1,2,.500,2,6,8,2,0,0,2,3,7,6.4,-3,away,23.116666666666667,allenja01,Jarrett Allen,2025-26
2025-12-27,CLE,HOU,"L, 100-117",*,17:37,3,3,1.000,0,0,,3,3,1.000,1.000,0,0,,1,3,4,2,2,1,2,2,6,8.0,-5,away,17.616666666666667,allenja01,Jarrett Allen,2025-26
2025-12-29,CLE,SAS,"W, 113-101",*,28:05,11,21,.524,0,1,.000,11,20,.550,.524,5,7,.714,2,8,10,0,2,0,2,4,27,18.1,9,away,28.08333333333333,allenja01,Jarrett Allen,2025-26
2025-12-31,CLE,PHO,"W, 129-113",*,26:36,7,12,.583,0,0,,7,12,.583,.583,2,2,1.000,3,8,11,3,0,0,2,0,16,15.0,18,home,26.6,allenja01,Jarrett Allen,2025-26
2026-01-02,CLE,DEN,"W, 113-108",*,29:48,3,5,.600,0,0,,3,5,.600,.600,2,2,1.000,0,12,12,3,1,1,2,1,8,10.7,12,home,29.8,allenja01,Jarrett Allen,2025-26
2026-01-06,CLE,IND,"W, 120-116",*,33:39,8,13,.615,0,1,.000,8,12,.667,.615,3,6,.500,3,9,12,4,2,0,2,3,19,18.3,3,away,33.65,allenja01,Jarrett Allen,2025-26
2026-01-08,CLE,MIN,"L, 122-131",*,29:57,5,9,.556,0,0,,5,9,.556,.556,1,2,.500,2,8,10,1,2,0,0,1,11,12.4,-29,away,29.95,allenja01,Jarrett Allen,2025-26
2026-01-10,CLE,MIN,"W, 146-134",*,28:10,6,10,.600,0,0,,6,10,.600,.600,4,5,.800,4,7,11,4,1,1,0,3,16,19.2,22,home,28.166666666666668,allenja01,Jarrett Allen,2025-26
2026-01-12,CLE,UTA,"L, 112-123",*,32:24,3,7,.429,0,0,,3,7,.429,.429,2,2,1.000,2,2,4,3,1,0,2,1,8,7.0,-6,home,32.4,allenja01,Jarrett Allen,2025-26
2026-01-14,CLE,PHI,"W, 133-107",*,25:38,5,6,.833,0,0,,5,6,.833,.833,0,1,.000,2,3,5,2,0,0,2,3,10,7.9,16,away,25.633333333333333,allenja01,Jarrett Allen,2025-26
2026-01-16,CLE,PHI,"W, 117-115",*,33:11,4,6,.667,0,0,,4,6,.667,.667,2,2,1.000,2,5,7,1,1,0,2,4,10,8.4,5,away,33.18333333333333,allenja01,Jarrett Allen,2025-26
2026-01-19,CLE,OKC,"L, 104-136",*,28:33,4,8,.500,0,0,,4,8,.500,.500,8,10,.800,5,4,9,1,0,3,1,0,16,17.7,-31,home,28.55,allenja01,Jarrett Allen,2025-26
2026-01-21,CLE,CHO,"W, 94-87",*,34:37,4,8,.500,0,0,,4,8,.500,.500,5,6,.833,1,8,9,0,0,2,1,1,13,11.7,-3,away,34.61666666666667,allenja01,Jarrett Allen,2025-26
2026-01-23,CLE,SAC,"W, 123-118",*,33:38,3,6,.500,0,0,,3,6,.500,.500,9,10,.900,4,5,9,0,2,1,0,2,15,17.8,7,home,33.63333333333333,allenja01,Jarrett Allen,2025-26
2026-01-24,CLE,ORL,"W, 119-105",*,24:50,3,5,.600,0,1,.000,3,4,.750,.600,2,2,1.000,1,5,6,1,3,2,2,4,8,9.4,7,away,24.83333333333333,allenja01,Jarrett Allen,2025-26
2026-01-26,CLE,ORL,"W, 114-98",*,33:12,4,6,.667,0,0,,4,6,.667,.667,1,3,.333,0,4,4,1,0,0,0,2,9,6.7,18,home,33.2,allenja01,Jarrett Allen,2025-26
2026-01-28,CLE,LAL,"W, 129-99",*,24:04,8,11,.727,0,0,,8,11,.727,.727,1,2,.500,2,7,9,2,1,0,2,1,17,15.6,24,home,24.066666666666663,allenja01,Jarrett Allen,2025-26
2026-01-30,CLE,PHO,"L, 113-126",*,23:05,6,9,.667,0,0,,6,9,.667,.667,0,0,,5,2,7,3,1,1,1,2,12,14.2,-27,away,23.08333333333333,allenja01,Jarrett Allen,2025-26
2026-02-01,CLE,POR,"W, 130-111",*,29:30,16,23,.696,0,1,.000,16,22,.727,.696,8,12,.667,6,11,17,5,2,4,0,0,40,44.5,25,away,29.5,allenja01,Jarrett Allen,2025-26
2026-02-04,CLE,LAC,"W, 124-91",*,23:23,5,8,.625,0,0,,5,8,.625,.625,0,2,.000,3,8,11,3,2,1,0,0,10,14.9,20,away,23.383333333333333,allenja01,Jarrett Allen,2025-26
2026-02-07,CLE,SAC,"W, 132-126",*,32:43,11,12,.917,0,0,,11,12,.917,.917,7,8,.875,1,9,10,1,0,0,1,0,29,27.7,-18,away,32.71666666666667,allenja01,Jarrett Allen,2025-26
2026-02-09,CLE,DEN,"W, 119-117",*,34:38,10,16,.625,0,0,,10,16,.625,.625,2,4,.500,4,9,13,1,0,0,0,5,22,18.2,8,away,34.63333333333333,allenja01,Jarrett Allen,2025-26
2026-02-11,CLE,WAS,"W, 138-113",*,26:37,8,8,1.000,0,0,,8,8,1.000,1.000,5,6,.833,3,6,9,1,0,2,2,1,21,21.8,25,home,26.616666666666667,allenja01,Jarrett Allen,2025-26
2026-02-19,CLE,BRK,"W, 112-84",*,23:50,5,8,.625,0,1,.000,5,7,.714,.625,5,10,.500,2,8,10,1,1,2,0,2,15,15.5,31,home,23.83333333333333,allenja01,Jarrett Allen,2025-26
2026-02-20,CLE,CHO,"W, 118-113",*,32:04,11,15,.733,0,0,,11,15,.733,.733,4,5,.800,7,7,14,2,0,1,1,0,26,27.6,-2,away,32.06666666666667,allenja01,Jarrett Allen,2025-26
2026-02-22,CLE,OKC,"L, 113-121",*,28:34,4,6,.667,0,0,,4,6,.667,.667,3,6,.500,6,7,13,2,1,0,3,1,11,12.5,-15,away,28.566666666666663,allenja01,Jarrett Allen,2025-26
2026-02-24,CLE,NYK,"W, 109-94",*,28:49,7,8,.875,0,0,,7,8,.875,.875,5,7,.714,4,6,10,1,1,2,1,2,19,21.3,11,home,28.816666666666663,allenja01,Jarrett Allen,2025-26
2026-02-25,CLE,MIL,"L, 116-118",*,32:19,10,15,.667,0,0,,10,15,.667,.667,7,8,.875,6,5,11,1,2,1,1,0,27,28.2,-10,away,32.31666666666667,allenja01,Jarrett Allen,2025-26
2026-02-27,CLE,DET,"L, 119-122 (OT)",*,31:28,10,12,.833,0,0,,10,12,.833,.833,5,8,.625,4,5,9,4,0,1,1,6,25,23.8,-9,away,31.466666666666665,allenja01,Jarrett Allen,2025-26
2026-03-01,CLE,BRK,"W, 106-102",*,31:48,7,12,.583,0,0,,7,12,.583,.583,6,8,.750,2,4,6,1,2,0,2,1,20,16.5,5,away,31.8,allenja01,Jarrett Allen,2025-26
2026-03-03,CLE,DET,"W, 113-109",*,20:32,4,7,.571,0,0,,4,7,.571,.571,0,2,.000,1,2,3,0,1,0,1,2,8,4.4,-3,home,20.53333333333333,allenja01,Jarrett Allen,2025-26
2026-03-27,CLE,MIA,"W, 149-128",*,18:15,8,10,.800,0,0,,8,10,.800,.800,2,2,1.000,2,8,10,0,0,1,0,1,18,18.3,18,home,18.25,allenja01,Jarrett Allen,2025-26
2026-03-31,CLE,LAL,"L, 113-127",*,18:39,9,11,.818,0,0,,9,11,.818,.818,0,2,.000,2,2,4,2,1,0,1,2,18,15.7,-7,away,18.65,allenja01,Jarrett Allen,2025-26
2026-04-02,CLE,GSW,"W, 118-111",*,23:52,5,10,.500,0,0,,5,10,.500,.500,6,12,.500,3,10,13,0,1,0,0,0,16,14.7,12,away,23.866666666666667,allenja01,Jarrett Allen,2025-26
2026-04-06,CLE,MEM,"W, 142-126",*,24:48,5,7,.714,0,0,,5,7,.714,.714,3,5,.600,2,7,9,1,1,2,2,0,13,13.9,11,away,24.8,allenja01,Jarrett Allen,2025-26
2026-04-08,CLE,ATL,"W, 122-116",*,29:07,4,9,.444,0,0,,4,9,.444,.444,8,11,.727,2,6,8,0,2,0,3,0,16,12.3,3,home,29.116666666666667,allenja01,Jarrett Allen,2025-26
2025-10-22,MEM,NOP,"W, 128-122",,24:13,2,7,.286,0,3,.000,2,4,.500,.286,1,3,.333,1,5,6,2,1,2,2,5,5,2.1,9,home,24.216666666666665,aldamsa01,Santi Aldama,2025-26
2025-10-24,MEM,MIA,"L, 114-146",,19:44,6,9,.667,1,2,.500,5,7,.714,.722,0,1,.000,3,5,8,0,1,0,1,0,13,12.3,-12,home,19.73333333333333,aldamsa01,Santi Aldama,2025-26
2025-10-25,MEM,IND,"W, 128-103",,20:54,4,9,.444,1,3,.333,3,6,.500,.500,0,0,,3,5,8,1,0,2,0,1,9,9.6,13,home,20.9,aldamsa01,Santi Aldama,2025-26
2025-10-27,MEM,GSW,"L, 118-131",,22:24,6,13,.462,2,6,.333,4,7,.571,.538,0,2,.000,1,5,6,4,3,0,2,1,14,12.1,2,away,22.4,aldamsa01,Santi Aldama,2025-26
2025-10-29,MEM,PHO,"W, 114-113",,30:44,6,12,.500,2,5,.400,4,7,.571,.583,0,0,,2,8,10,5,3,0,1,1,14,16.9,8,away,30.73333333333333,aldamsa01,Santi Aldama,2025-26
2025-10-31,MEM,LAL,"L, 112-117",,26:24,3,12,.250,1,5,.200,2,7,.286,.292,0,0,,4,6,10,4,1,0,2,2,7,5.4,-9,home,26.4,aldamsa01,Santi Aldama,2025-26
2025-11-02,MEM,TOR,"L, 104-117",,28:25,5,14,.357,2,7,.286,3,7,.429,.429,3,4,.750,1,3,4,2,0,0,0,1,15,9.4,-6,away,28.416666666666668,aldamsa01,Santi Aldama,2025-26
2025-11-03,MEM,DET,"L, 106-114",,22:44,5,9,.556,1,3,.333,4,6,.667,.611,0,0,,2,3,5,1,0,0,3,1,11,6.3,-14,home,22.73333333333333,aldamsa01,Santi Aldama,2025-26
2025-11-05,MEM,HOU,"L, 109-124",,26:17,5,12,.417,1,5,.200,4,7,.571,.458,5,6,.833,1,3,4,1,2,1,0,0,16,14.2,-7,home,26.28333333333333,aldamsa01,Santi Aldama,2025-26
2025-11-07,MEM,DAL,"W, 118-104",,28:06,5,12,.417,3,7,.429,2,5,.400,.542,3,4,.750,0,2,2,2,0,0,2,2,16,8.4,-7,home,28.1,aldamsa01,Santi Aldama,2025-26
2025-11-09,MEM,OKC,"L, 100-114",,29:33,5,10,.500,1,4,.250,4,6,.667,.550,1,1,1.000,1,8,9,4,1,2,4,3,12,10.1,-12,home,29.55,aldamsa01,Santi Aldama,2025-26
2025-11-11,MEM,NYK,"L, 120-133",,30:09,8,10,.800,1,3,.333,7,7,1.000,.850,2,4,.500,0,7,7,3,0,0,0,2,19,17.8,-11,away,30.15,aldamsa01,Santi Aldama,2025-26
2025-11-12,MEM,BOS,"L, 95-131",,23:35,4,11,.364,2,7,.286,2,4,.500,.455,4,6,.667,2,4,6,4,2,1,1,0,14,14.2,4,away,23.58333333333333,aldamsa01,Santi Aldama,2025-26
2025-11-15,MEM,CLE,"L, 100-108",,25:01,5,9,.556,2,4,.500,3,5,.600,.667,0,2,.000,1,10,11,2,1,0,0,3,12,11.8,-13,away,25.016666666666666,aldamsa01,Santi Aldama,2025-26
2025-11-18,MEM,SAS,"L, 101-111",,25:52,4,10,.400,0,2,.000,4,8,.500,.400,2,2,1.000,2,4,6,2,1,1,1,0,10,9.3,-2,away,25.866666666666667,aldamsa01,Santi Aldama,2025-26
2025-11-20,MEM,SAC,"W, 137-96",*,27:34,11,18,.611,5,11,.455,6,7,.857,.750,2,3,.667,0,5,5,3,0,2,1,0,29,24.4,28,home,27.566666666666663,aldamsa01,Santi Aldama,2025-26
2025-11-22,MEM,DAL,"W, 102-96",*,34:47,9,17,.529,2,5,.400,7,12,.583,.588,0,0,,2,6,8,4,1,1,0,1,20,19.0,10,away,34.78333333333333,aldamsa01,Santi Aldama,2025-26
2025-11-24,MEM,DEN,"L, 115-125",,32:41,5,16,.313,0,5,.000,5,11,.455,.313,2,2,1.000,3,3,6,6,2,2,1,1,12,12.0,2,home,32.68333333333333,aldamsa01,Santi Aldama,2025-26
2025-11-26,MEM,NOP,"W, 133-128 (OT)",,24:25,5,9,.556,2,3,.667,3,6,.500,.667,2,2,1.000,0,5,5,4,0,1,0,0,14,14.7,-21,away,24.416666666666668,aldamsa01,Santi Aldama,2025-26
2025-11-28,MEM,LAC,"W, 112-107",,22:15,4,7,.571,2,2,1.000,2,5,.400,.714,3,4,.750,1,6,7,5,0,0,0,1,13,14.9,5,away,22.25,aldamsa01,Santi Aldama,2025-26
2025-11-30,MEM,SAC,"W, 115-107",,22:04,2,5,.400,0,1,.000,2,4,.500,.400,3,3,1.000,1,5,6,4,1,1,2,1,7,8.6,-20,away,22.066666666666663,aldamsa01,Santi Aldama,2025-26
2025-12-02,MEM,SAS,"L, 119-126",,24:22,1,5,.200,0,1,.000,1,4,.250,.200,2,2,1.000,1,2,3,5,0,1,0,3,4,5.2,-18,away,24.366666666666667,aldamsa01,Santi Aldama,2025-26
2025-12-05,MEM,LAC,"W, 107-98",,24:37,3,9,.333,0,3,.000,3,6,.500,.333,1,2,.500,0,6,6,4,1,0,3,2,7,3.3,7,home,24.616666666666667,aldamsa01,Santi Aldama,2025-26
2025-12-07,MEM,POR,"W, 119-96",,28:08,7,11,.636,3,6,.500,4,5,.800,.773,5,7,.714,1,6,7,1,2,0,0,1,22,21.1,34,home,28.133333333333333,aldamsa01,Santi Aldama,2025-26
2025-12-12,MEM,UTA,"L, 126-130",*,35:46,8,15,.533,4,8,.500,4,7,.571,.667,2,4,.500,1,6,7,2,1,1,0,3,22,18.3,-2,home,35.766666666666666,aldamsa01,Santi Aldama,2025-26
2025-12-15,MEM,LAC,"W, 121-103",*,30:48,1,5,.200,0,4,.000,1,1,1.000,.200,1,2,.500,1,1,2,2,1,0,1,1,3,1.5,6,away,30.8,aldamsa01,Santi Aldama,2025-26
2025-12-17,MEM,MIN,"W, 116-110",*,34:19,4,8,.500,0,2,.000,4,6,.667,.500,0,0,,3,8,11,3,0,0,3,4,8,6.0,-5,away,34.31666666666667,aldamsa01,Santi Aldama,2025-26
2025-12-20,MEM,WAS,"L, 122-130",,35:44,15,23,.652,5,9,.556,10,14,.714,.761,2,3,.667,6,4,10,2,1,1,2,2,37,32.2,-1,home,35.733333333333334,aldamsa01,Santi Aldama,2025-26
2025-12-22,MEM,OKC,"L, 103-119",,24:40,4,13,.308,1,5,.200,3,8,.375,.346,0,0,,1,6,7,1,0,0,2,1,9,2.3,-13,away,24.666666666666668,aldamsa01,Santi Aldama,2025-26
2025-12-23,MEM,UTA,"W, 137-128",*,34:25,13,21,.619,7,13,.538,6,8,.750,.786,4,7,.571,1,4,5,7,1,0,3,3,37,29.9,5,away,34.416666666666664,aldamsa01,Santi Aldama,2025-26
2025-12-26,MEM,MIL,"W, 125-104",*,30:01,4,10,.400,1,5,.200,3,5,.600,.450,3,3,1.000,1,6,7,3,0,1,1,0,12,10.9,3,home,30.016666666666666,aldamsa01,Santi Aldama,2025-26
2025-12-28,MEM,WAS,"L, 112-116",*,35:29,5,14,.357,1,4,.250,4,10,.400,.393,3,4,.750,2,8,10,3,5,0,3,2,14,12.9,-12,away,35.483333333333334,aldamsa01,Santi Aldama,2025-26
2025-12-30,MEM,PHI,"L, 136-139 (OT)",,36:18,6,11,.545,3,6,.500,3,5,.600,.682,0,0,,0,6,6,2,0,4,4,3,15,10.5,-10,home,36.3,aldamsa01,Santi Aldama,2025-26
2026-01-02,MEM,LAL,"L, 121-128",,29:48,5,12,.417,3,9,.333,2,3,.667,.542,2,2,1.000,1,6,7,3,1,0,0,0,15,14.2,6,away,29.8,aldamsa01,Santi Aldama,2025-26
2026-01-04,MEM,LAL,"L, 114-120",,30:44,4,13,.308,0,4,.000,4,9,.444,.308,4,6,.667,4,6,10,7,1,0,1,4,12,11.6,3,away,30.73333333333333,aldamsa01,Santi Aldama,2025-26
2026-01-06,MEM,SAS,"W, 106-105",,23:54,3,10,.300,1,6,.167,2,4,.500,.350,3,3,1.000,3,6,9,2,0,2,4,1,10,6.5,-23,home,23.9,aldamsa01,Santi Aldama,2025-26
2026-01-07,MEM,PHO,"L, 98-117",,22:14,3,8,.375,0,3,.000,3,5,.600,.375,1,2,.500,1,2,3,0,0,0,0,1,7,3.1,-18,home,22.23333333333333,aldamsa01,Santi Aldama,2025-26
2026-01-09,MEM,OKC,"L, 116-117",,28:47,6,9,.667,2,4,.500,4,5,.800,.778,1,2,.500,1,6,7,7,0,0,1,1,15,16.7,4,home,28.78333333333333,aldamsa01,Santi Aldama,2025-26
2026-01-11,MEM,BRK,"W, 103-98",,33:12,7,10,.700,1,2,.500,6,8,.750,.750,0,0,,2,6,8,3,1,3,1,3,15,17.0,8,home,33.2,aldamsa01,Santi Aldama,2025-26
2026-01-15,MEM,ORL,"L, 111-118",,30:17,6,11,.545,4,4,1.000,2,7,.286,.727,2,3,.667,2,3,5,1,1,0,1,3,18,14.1,-1,away,30.28333333333333,aldamsa01,Santi Aldama,2025-26
2026-01-18,MEM,ORL,"W, 126-109",*,25:10,3,5,.600,0,1,.000,3,4,.750,.600,3,6,.500,0,5,5,3,0,0,0,1,9,8.7,23,home,25.166666666666668,aldamsa01,Santi Aldama,2025-26
2026-01-26,MEM,HOU,"L, 99-108",*,27:25,7,12,.583,1,2,.500,6,10,.600,.625,2,3,.667,3,4,7,2,0,0,1,1,17,14.3,-5,away,27.416666666666668,aldamsa01,Santi Aldama,2025-26
2026-02-04,MEM,SAC,"W, 129-125",*,24:08,4,10,.400,2,6,.333,2,4,.500,.500,2,4,.500,1,5,6,0,1,2,1,3,12,8.2,14,away,24.133333333333333,aldamsa01,Santi Aldama,2025-26
2025-10-22,UTA,LAC,"W, 129-108",,20:10,1,5,.200,0,2,.000,1,3,.333,.200,0,0,,1,3,4,2,0,0,1,1,2,0.5,5,home,20.166666666666668,baileac01,Ace Bailey,2025-26
2025-10-24,UTA,SAC,"L, 104-105",,13:28,0,5,.000,0,0,,0,5,.000,.000,0,0,,1,1,2,1,0,0,0,1,0,-2.2,-16,away,13.466666666666669,baileac01,Ace Bailey,2025-26
2025-10-27,UTA,PHO,"W, 138-134 (OT)",,13:31,2,9,.222,2,5,.400,0,4,.000,.333,0,0,,1,0,1,1,0,0,0,1,6,1.5,-15,home,13.516666666666667,baileac01,Ace Bailey,2025-26
2025-10-29,UTA,POR,"L, 134-136",,15:22,3,5,.600,0,2,.000,3,3,1.000,.600,2,2,1.000,1,2,3,2,0,1,1,2,8,7.3,-17,home,15.366666666666667,baileac01,Ace Bailey,2025-26
2025-10-31,UTA,PHO,"L, 96-118",,22:32,2,8,.250,0,3,.000,2,5,.400,.250,2,2,1.000,3,5,8,3,1,0,3,1,6,4.5,-15,away,22.53333333333333,baileac01,Ace Bailey,2025-26
2025-11-02,UTA,CHO,"L, 103-126",,19:08,3,8,.375,0,3,.000,3,5,.600,.375,0,0,,0,0,0,1,1,0,1,1,6,1.9,-17,away,19.133333333333333,baileac01,Ace Bailey,2025-26
2025-11-03,UTA,BOS,"W, 105-103",,18:14,2,4,.500,0,0,,2,4,.500,.500,0,0,,1,1,2,0,0,0,2,3,4,-0.2,11,away,18.23333333333333,baileac01,Ace Bailey,2025-26
2025-11-05,UTA,DET,"L, 103-114",,19:11,3,6,.500,0,0,,3,6,.500,.500,3,4,.750,3,1,4,1,0,0,1,5,9,5.7,-15,away,19.183333333333334,baileac01,Ace Bailey,2025-26
2025-11-07,UTA,MIN,"L, 97-137",,23:58,4,9,.444,2,4,.500,2,5,.400,.556,2,2,1.000,4,2,6,3,1,0,3,1,12,10.4,-19,away,23.966666666666665,baileac01,Ace Bailey,2025-26
2025-11-10,UTA,MIN,"L, 113-120",*,27:32,4,9,.444,0,3,.000,4,6,.667,.444,2,2,1.000,4,3,7,2,3,0,2,4,10,9.8,-16,home,27.53333333333333,baileac01,Ace Bailey,2025-26
2025-11-11,UTA,IND,"W, 152-128",*,25:35,7,13,.538,4,8,.500,3,5,.600,.692,2,2,1.000,3,1,4,1,0,0,1,3,20,14.6,9,home,25.58333333333333,baileac01,Ace Bailey,2025-26
2025-11-13,UTA,ATL,"L, 122-132",*,31:50,8,13,.615,4,7,.571,4,6,.667,.769,1,3,.333,3,2,5,3,2,0,3,3,21,16.9,-18,home,31.83333333333333,baileac01,Ace Bailey,2025-26
2025-11-16,UTA,CHI,"W, 150-147 (2OT)",*,10:26,2,5,.400,1,3,.333,1,2,.500,.500,0,0,,1,0,1,0,0,1,0,6,5,1.3,8,home,10.433333333333334,baileac01,Ace Bailey,2025-26
2025-11-18,UTA,LAL,"L, 126-140",*,23:22,6,12,.500,1,6,.167,5,6,.833,.542,0,0,,1,0,1,1,1,0,1,3,13,7.2,6,away,23.366666666666667,baileac01,Ace Bailey,2025-26
2025-11-21,UTA,OKC,"L, 112-144",*,20:49,6,9,.667,3,5,.600,3,4,.750,.833,0,0,,1,1,2,3,3,0,2,1,15,14.8,3,home,20.816666666666663,baileac01,Ace Bailey,2025-26
2025-11-23,UTA,LAL,"L, 106-108",*,31:44,4,10,.400,2,7,.286,2,3,.667,.500,0,0,,1,4,5,3,1,0,0,3,10,8.4,14,home,31.73333333333333,baileac01,Ace Bailey,2025-26
2025-11-24,UTA,GSW,"L, 117-134",*,29:29,8,15,.533,3,8,.375,5,7,.714,.633,2,2,1.000,1,2,3,2,1,1,2,0,21,16.1,-11,away,29.48333333333333,baileac01,Ace Bailey,2025-26
2025-11-28,UTA,SAC,"W, 128-119",*,16:37,2,5,.400,1,2,.500,1,3,.333,.500,0,0,,0,4,4,2,1,0,0,2,5,5.1,1,home,16.616666666666667,baileac01,Ace Bailey,2025-26
2025-11-30,UTA,HOU,"L, 101-129",*,31:26,8,12,.667,3,5,.600,5,7,.714,.792,0,0,,1,1,2,1,0,0,2,3,19,12.3,2,home,31.433333333333334,baileac01,Ace Bailey,2025-26
2025-12-01,UTA,HOU,"W, 133-125",*,28:22,5,11,.455,3,8,.375,2,3,.667,.591,0,0,,0,3,3,3,2,3,1,4,13,11.8,7,home,28.366666666666667,baileac01,Ace Bailey,2025-26
2025-12-04,UTA,BRK,"W, 123-110",*,25:10,2,6,.333,1,1,1.000,1,5,.200,.417,0,0,,0,2,2,0,0,0,0,4,5,0.6,12,away,25.166666666666668,baileac01,Ace Bailey,2025-26
2025-12-05,UTA,NYK,"L, 112-146",*,33:57,5,13,.385,2,6,.333,3,7,.429,.462,1,3,.333,1,4,5,1,1,1,3,3,13,5.2,-23,away,33.95,baileac01,Ace Bailey,2025-26
2025-12-07,UTA,OKC,"L, 101-131",*,32:12,5,14,.357,3,8,.375,2,6,.333,.464,0,0,,0,1,1,4,1,1,3,2,13,6.2,-18,home,32.2,baileac01,Ace Bailey,2025-26
2025-12-12,UTA,MEM,"W, 130-126",*,31:27,4,12,.333,0,3,.000,4,9,.444,.333,0,0,,1,3,4,0,0,2,1,2,8,2.4,-1,away,31.45,baileac01,Ace Bailey,2025-26
2025-12-15,UTA,DAL,"W, 140-133 (OT)",*,24:19,3,9,.333,1,4,.250,2,5,.400,.389,0,0,,1,1,2,3,0,0,1,6,7,1.6,-2,home,24.316666666666663,baileac01,Ace Bailey,2025-26
2025-12-18,UTA,LAL,"L, 135-143",*,26:10,7,13,.538,3,6,.500,4,7,.571,.654,2,6,.333,2,2,4,0,1,0,1,2,19,12.3,-4,home,26.166666666666668,baileac01,Ace Bailey,2025-26
2025-12-20,UTA,ORL,"L, 127-128 (OT)",*,34:21,6,14,.429,2,7,.286,4,7,.571,.500,0,0,,2,2,4,3,0,0,0,1,14,10.3,0,home,34.35,baileac01,Ace Bailey,2025-26
2025-12-22,UTA,DEN,"L, 112-135",*,24:01,4,13,.308,1,5,.200,3,8,.375,.346,1,2,.500,1,2,3,0,0,0,0,5,10,1.4,-23,away,24.016666666666666,baileac01,Ace Bailey,2025-26
2025-12-23,UTA,MEM,"L, 128-137",*,28:59,7,12,.583,3,5,.600,4,7,.571,.708,0,0,,3,1,4,0,1,0,2,1,17,12.4,-8,home,28.98333333333333,baileac01,Ace Bailey,2025-26
2025-12-26,UTA,DET,"W, 131-129",*,11:14,0,2,.000,0,0,,0,2,.000,.000,0,0,,1,1,2,0,1,1,0,0,0,1.3,5,home,11.233333333333333,baileac01,Ace Bailey,2025-26
2026-01-07,UTA,OKC,"L, 125-129 (OT)",,10:14,1,3,.333,0,2,.000,1,1,1.000,.333,0,0,,0,1,1,0,1,0,0,1,2,1.2,-2,away,10.233333333333333,baileac01,Ace Bailey,2025-26
2026-01-12,UTA,CLE,"W, 123-112",,15:17,2,4,.500,0,1,.000,2,3,.667,.500,0,0,,2,1,3,2,0,1,0,1,4,5.4,-1,away,15.283333333333331,baileac01,Ace Bailey,2025-26
2026-01-14,UTA,CHI,"L, 126-128",*,31:03,4,9,.444,0,3,.000,4,6,.667,.444,2,2,1.000,2,1,3,3,0,0,0,1,10,8.7,12,away,31.05,baileac01,Ace Bailey,2025-26
2026-01-15,UTA,DAL,"L, 122-144",*,30:21,6,15,.400,1,5,.200,5,10,.500,.433,2,2,1.000,3,2,5,3,2,2,3,4,15,10.5,-19,away,30.35,baileac01,Ace Bailey,2025-26
2026-01-17,UTA,DAL,"L, 120-138",*,36:58,8,16,.500,2,6,.333,6,10,.600,.563,0,0,,2,6,8,1,0,0,3,4,18,9.3,-26,away,36.96666666666667,baileac01,Ace Bailey,2025-26
2026-01-19,UTA,SAS,"L, 110-123",*,26:31,3,6,.500,2,3,.667,1,3,.333,.667,0,0,,2,2,4,4,0,1,1,4,8,7.9,-7,away,26.516666666666666,baileac01,Ace Bailey,2025-26
2026-01-20,UTA,MIN,"W, 127-122",*,33:10,8,17,.471,3,8,.375,5,9,.556,.559,1,1,1.000,1,4,5,1,1,0,3,2,20,11.1,2,home,33.166666666666664,baileac01,Ace Bailey,2025-26
2026-01-22,UTA,SAS,"L, 109-126",*,32:19,11,16,.688,2,3,.667,9,13,.692,.750,1,1,1.000,4,2,6,2,0,0,2,3,25,19.8,-21,home,32.31666666666667,baileac01,Ace Bailey,2025-26
2026-01-24,UTA,MIA,"L, 116-147",*,28:13,6,15,.400,0,5,.000,6,10,.600,.400,0,0,,1,1,2,2,1,2,0,5,12,6.7,-23,home,28.216666666666665,baileac01,Ace Bailey,2025-26
2026-01-27,UTA,LAC,"L, 103-115",*,28:38,8,16,.500,4,9,.444,4,7,.571,.625,0,0,,0,1,1,0,0,0,1,1,20,10.9,-12,home,28.633333333333333,baileac01,Ace Bailey,2025-26
2026-01-28,UTA,GSW,"L, 124-140",*,34:04,8,15,.533,3,7,.429,5,8,.625,.633,0,0,,1,6,7,4,2,1,0,3,19,18.5,-14,home,34.06666666666667,baileac01,Ace Bailey,2025-26
2026-01-30,UTA,BRK,"L, 99-109",*,29:17,5,10,.500,2,5,.400,3,5,.600,.600,0,0,,1,1,2,0,2,0,0,2,12,9.2,5,home,29.28333333333333,baileac01,Ace Bailey,2025-26
2026-02-01,UTA,TOR,"L, 100-107",*,26:31,1,10,.100,0,2,.000,1,8,.125,.100,2,2,1.000,1,10,11,2,1,1,3,5,4,-0.8,-17,away,26.516666666666666,baileac01,Ace Bailey,2025-26
2026-02-03,UTA,IND,"W, 131-122",*,40:03,7,10,.700,2,4,.500,5,6,.833,.800,3,6,.500,2,2,4,1,3,3,1,2,19,19.6,13,away,40.05,baileac01,Ace Bailey,2025-26
2026-02-05,UTA,ATL,"L, 119-121",*,40:21,9,26,.346,2,8,.250,7,18,.389,.385,0,0,,3,3,6,1,2,1,0,3,20,10.6,0,away,40.35,baileac01,Ace Bailey,2025-26
2026-02-07,UTA,ORL,"L, 117-120",*,30:53,4,11,.364,1,4,.250,3,7,.429,.409,1,2,.500,1,2,3,3,1,0,5,2,10,2.1,-13,away,30.883333333333333,baileac01,Ace Bailey,2025-26
2026-02-09,UTA,MIA,"W, 115-111",*,36:33,7,14,.500,0,3,.000,7,11,.636,.500,2,2,1.000,3,5,8,2,1,0,0,4,16,13.4,3,away,36.55,baileac01,Ace Bailey,2025-26
2026-02-11,UTA,SAC,"W, 121-93",*,30:58,5,9,.556,3,6,.500,2,3,.667,.722,0,0,,2,2,4,4,0,0,0,2,13,12.7,7,home,30.966666666666665,baileac01,Ace Bailey,2025-26
2026-02-12,UTA,POR,"L, 119-135",*,34:42,7,15,.467,1,5,.200,6,10,.600,.500,0,0,,3,5,8,3,0,0,4,2,15,8.2,-19,home,34.7,baileac01,Ace Bailey,2025-26
2026-02-20,UTA,MEM,"L, 114-123",*,32:50,8,19,.421,2,9,.222,6,10,.600,.474,2,3,.667,3,3,6,3,0,1,3,3,20,11.1,-3,away,32.833333333333336,baileac01,Ace Bailey,2025-26
2026-02-23,UTA,HOU,"L, 105-125",*,27:02,2,9,.222,0,2,.000,2,7,.286,.222,0,0,,3,5,8,0,2,0,0,0,4,4.1,-26,away,27.03333333333333,baileac01,Ace Bailey,2025-26
2026-02-26,UTA,NOP,"L, 118-129",*,29:23,9,17,.529,2,6,.333,7,11,.636,.588,3,3,1.000,1,3,4,1,1,1,1,5,23,15.7,-14,home,29.383333333333333,baileac01,Ace Bailey,2025-26
2026-02-28,UTA,NOP,"L, 105-115",*,29:43,4,16,.250,3,8,.375,1,8,.125,.344,2,2,1.000,4,4,8,2,1,3,2,4,13,8.3,-4,home,29.716666666666665,baileac01,Ace Bailey,2025-26
2026-03-02,UTA,DEN,"L, 125-128",*,31:38,6,14,.429,2,5,.400,4,9,.444,.500,4,4,1.000,2,2,4,0,1,0,0,5,18,11.6,-5,home,31.633333333333333,baileac01,Ace Bailey,2025-26
2026-03-04,UTA,PHI,"L, 102-106",*,30:31,5,16,.313,2,7,.286,3,9,.333,.375,0,0,,1,1,2,3,1,0,3,1,12,3.5,-4,away,30.516666666666666,baileac01,Ace Bailey,2025-26
2026-03-05,UTA,WAS,"W, 122-112",*,32:35,12,19,.632,7,11,.636,5,8,.625,.816,1,2,.500,0,2,2,0,2,1,0,2,32,25.6,8,away,32.583333333333336,baileac01,Ace Bailey,2025-26
2026-03-07,UTA,MIL,"L, 99-113",*,29:26,4,13,.308,1,9,.111,3,4,.750,.346,0,0,,1,5,6,3,2,0,5,6,9,0.4,-11,away,29.433333333333334,baileac01,Ace Bailey,2025-26
2026-03-11,UTA,NYK,"L, 117-134",*,35:51,8,16,.500,5,10,.500,3,6,.500,.656,0,0,,1,3,4,2,1,0,1,3,21,14.8,3,home,35.85,baileac01,Ace Bailey,2025-26
2026-03-13,UTA,POR,"L, 114-124",*,07:16,3,3,1.000,2,2,1.000,1,1,1.000,1.333,0,0,,0,1,1,1,1,1,0,1,8,9.4,16,away,7.266666666666667,baileac01,Ace Bailey,2025-26
2026-03-18,UTA,MIN,"L, 111-147",*,24:55,6,13,.462,5,10,.500,1,3,.333,.654,0,0,,0,2,2,2,0,1,3,4,17,8.4,-14,away,24.916666666666668,baileac01,Ace Bailey,2025-26
2026-03-19,UTA,MIL,"W, 128-96",*,34:09,13,27,.481,7,19,.368,6,8,.750,.611,0,0,,1,8,9,4,3,1,3,4,33,24.3,15,home,34.15,baileac01,Ace Bailey,2025-26
2026-03-21,UTA,PHI,"L, 116-126",*,33:22,7,20,.350,4,14,.286,3,6,.500,.450,7,8,.875,1,6,7,4,0,5,2,4,25,18.6,3,home,33.36666666666667,baileac01,Ace Bailey,2025-26
2026-03-23,UTA,TOR,"L, 127-143",*,35:11,11,21,.524,7,10,.700,4,11,.364,.690,8,8,1.000,1,5,6,3,0,2,0,3,37,31.2,-8,home,35.18333333333333,baileac01,Ace Bailey,2025-26
2026-03-25,UTA,WAS,"L, 110-133",*,28:55,7,19,.368,1,6,.167,6,13,.462,.395,0,0,,1,4,5,3,2,2,1,3,15,9.7,-8,home,28.916666666666668,baileac01,Ace Bailey,2025-26
2026-03-27,UTA,DEN,"L, 129-135",*,27:29,7,14,.500,1,7,.143,6,7,.857,.536,0,0,,1,6,7,1,0,0,2,5,15,7.2,-12,away,27.48333333333333,baileac01,Ace Bailey,2025-26
2026-03-28,UTA,PHO,"L, 109-134",*,34:03,5,15,.333,1,3,.333,4,12,.333,.367,2,3,.667,1,5,6,2,0,3,4,1,13,5.4,-19,away,34.05,baileac01,Ace Bailey,2025-26
2026-03-30,UTA,CLE,"L, 113-122",*,35:00,8,15,.533,3,6,.500,5,9,.556,.633,0,0,,0,2,2,5,0,0,1,3,19,13.6,-9,home,35.0,baileac01,Ace Bailey,2025-26
2026-04-01,UTA,DEN,"L, 117-130",*,33:27,5,17,.294,1,9,.111,4,8,.500,.324,1,2,.500,0,1,1,2,0,0,2,1,12,1.0,-15,home,33.45,baileac01,Ace Bailey,2025-26
2026-04-03,UTA,HOU,"L, 106-140",*,32:36,9,17,.529,2,8,.250,7,9,.778,.588,2,3,.667,0,6,6,1,0,1,2,4,22,12.9,-17,away,32.6,baileac01,Ace Bailey,2025-26
2026-04-05,UTA,OKC,"L, 111-146",*,33:27,6,14,.429,2,6,.333,4,8,.500,.500,0,0,,1,3,4,2,1,2,3,2,14,8.2,-47,away,33.45,baileac01,Ace Bailey,2025-26
2026-04-10,UTA,MEM,"W, 147-101",*,28:46,10,19,.526,3,7,.429,7,12,.583,.605,0,0,,2,8,10,2,3,1,3,0,23,19.6,29,home,28.766666666666666,baileac01,Ace Bailey,2025-26
2026-04-12,UTA,LAL,"L, 107-131",*,29:24,7,21,.333,1,9,.111,6,12,.500,.357,0,2,.000,2,1,3,1,0,1,3,4,15,0.8,-19,away,29.4,baileac01,Ace Bailey,2025-26
2025-10-21,LAL,GSW,"L, 109-119",*,33:53,5,7,.714,0,0,,5,7,.714,.714,0,2,.000,2,4,6,0,0,1,4,3,10,4.4,-4,home,33.88333333333333,aytonde01,Deandre Ayton,2025-26
2025-10-24,LAL,MIN,"W, 128-110",*,30:52,7,11,.636,0,0,,7,11,.636,.636,1,2,.500,3,5,8,0,0,1,2,3,15,10.8,9,home,30.866666666666667,aytonde01,Deandre Ayton,2025-26
2025-10-26,LAL,SAC,"W, 127-120",*,35:57,10,17,.588,0,0,,10,17,.588,.588,2,4,.500,5,10,15,2,1,1,3,4,22,18.3,-6,away,35.95,aytonde01,Deandre Ayton,2025-26
2025-10-27,LAL,POR,"L, 108-122",*,35:33,8,15,.533,0,0,,8,15,.533,.533,0,0,,5,3,8,2,2,1,3,4,16,12.6,-10,home,35.55,aytonde01,Deandre Ayton,2025-26
2025-10-29,LAL,MIN,"W, 116-115",*,35:18,8,11,.727,0,0,,8,11,.727,.727,1,2,.500,1,9,10,3,0,1,2,3,17,15.1,0,away,35.3,aytonde01,Deandre Ayton,2025-26
2025-10-31,LAL,MEM,"W, 117-112",*,16:43,4,6,.667,0,0,,4,6,.667,.667,1,1,1.000,0,0,0,0,0,0,1,0,9,5.4,-17,away,16.716666666666665,aytonde01,Deandre Ayton,2025-26
2025-11-03,LAL,POR,"W, 123-115",*,30:35,14,19,.737,0,0,,14,19,.737,.737,1,2,.500,4,6,10,2,0,3,3,5,29,24.0,8,away,30.58333333333333,aytonde01,Deandre Ayton,2025-26
2025-11-05,LAL,SAS,"W, 118-116",*,33:07,9,13,.692,0,0,,9,13,.692,.692,4,4,1.000,4,6,10,0,1,2,0,3,22,22.3,1,home,33.11666666666667,aytonde01,Deandre Ayton,2025-26
2025-11-08,LAL,ATL,"L, 102-122",*,19:54,5,5,1.000,0,0,,5,5,1.000,1.000,1,1,1.000,2,3,5,0,0,0,3,0,11,8.8,-15,away,19.9,aytonde01,Deandre Ayton,2025-26
2025-11-10,LAL,CHO,"W, 121-111",*,32:57,7,10,.700,0,0,,7,10,.700,.700,0,0,,3,3,6,0,0,0,3,3,14,8.6,2,away,32.95,aytonde01,Deandre Ayton,2025-26
2025-11-12,LAL,OKC,"L, 92-121",*,25:49,3,5,.600,0,0,,3,5,.600,.600,0,1,.000,3,2,5,1,1,0,4,4,6,2.1,-18,away,25.816666666666663,aytonde01,Deandre Ayton,2025-26
2025-11-14,LAL,NOP,"W, 118-104",*,35:34,10,11,.909,0,0,,10,11,.909,.909,0,0,,3,13,16,2,2,1,4,5,20,20.4,35,away,35.56666666666667,aytonde01,Deandre Ayton,2025-26
2025-11-15,LAL,MIL,"W, 119-95",*,28:26,9,13,.692,0,0,,9,13,.692,.692,2,2,1.000,2,8,10,0,2,1,3,5,20,16.0,12,away,28.433333333333334,aytonde01,Deandre Ayton,2025-26
2025-11-18,LAL,UTA,"W, 140-126",*,30:00,10,13,.769,0,0,,10,13,.769,.769,0,2,.000,4,10,14,1,1,1,1,2,20,20.5,10,home,30.0,aytonde01,Deandre Ayton,2025-26
2025-11-23,LAL,UTA,"W, 108-106",*,13:26,1,2,.500,0,0,,1,2,.500,.500,0,0,,1,2,3,0,1,0,0,1,2,2.9,-4,away,13.433333333333334,aytonde01,Deandre Ayton,2025-26
2025-11-28,LAL,DAL,"W, 129-119",*,36:20,8,9,.889,0,0,,8,9,.889,.889,1,2,.500,2,6,8,2,1,2,2,1,17,18.1,18,home,36.333333333333336,aytonde01,Deandre Ayton,2025-26
2025-11-30,LAL,NOP,"W, 133-121",*,26:59,7,9,.778,0,0,,7,9,.778,.778,8,8,1.000,3,9,12,1,0,4,0,0,22,26.8,14,home,26.98333333333333,aytonde01,Deandre Ayton,2025-26
2025-12-01,LAL,PHO,"L, 108-125",*,27:52,6,8,.750,0,0,,6,8,.750,.750,0,0,,2,7,9,1,1,0,0,2,12,13.2,-9,home,27.866666666666667,aytonde01,Deandre Ayton,2025-26
2025-12-04,LAL,TOR,"W, 123-120",*,31:39,8,11,.727,0,0,,8,11,.727,.727,1,1,1.000,3,5,8,0,0,2,2,1,17,15.1,-1,away,31.65,aytonde01,Deandre Ayton,2025-26
2025-12-05,LAL,BOS,"L, 105-126",*,27:32,3,9,.333,0,0,,3,9,.333,.333,0,0,,4,6,10,0,1,1,2,2,6,4.4,-7,away,27.53333333333333,aytonde01,Deandre Ayton,2025-26
2025-12-07,LAL,PHI,"W, 112-108",*,31:25,7,7,1.000,0,0,,7,7,1.000,1.000,0,0,,2,10,12,2,1,1,0,4,14,17.8,10,away,31.416666666666668,aytonde01,Deandre Ayton,2025-26
2025-12-10,LAL,SAS,"L, 119-132",*,25:39,5,9,.556,0,0,,5,9,.556,.556,1,2,.500,3,5,8,1,1,0,0,3,11,10.4,-10,home,25.65,aytonde01,Deandre Ayton,2025-26
2025-12-14,LAL,PHO,"W, 116-114",*,30:09,10,11,.909,0,0,,10,11,.909,.909,0,2,.000,6,7,13,0,2,1,3,4,20,19.9,-12,away,30.15,aytonde01,Deandre Ayton,2025-26
2025-12-23,LAL,PHO,"L, 108-132",*,27:26,6,8,.750,0,0,,6,8,.750,.750,0,1,.000,3,7,10,1,3,0,2,2,12,13.5,-23,away,27.433333333333334,aytonde01,Deandre Ayton,2025-26
2025-12-25,LAL,HOU,"L, 96-119",*,36:17,5,6,.833,0,0,,5,6,.833,.833,0,0,,1,1,2,0,0,0,1,3,10,6.6,-14,home,36.28333333333333,aytonde01,Deandre Ayton,2025-26
2025-12-28,LAL,SAC,"W, 125-101",*,30:10,5,9,.556,0,0,,5,9,.556,.556,1,2,.500,2,9,11,2,0,2,0,0,11,13.2,24,home,30.166666666666668,aytonde01,Deandre Ayton,2025-26
2025-12-30,LAL,DET,"L, 106-128",*,25:46,5,8,.625,0,0,,5,8,.625,.625,0,0,,0,2,2,0,1,0,1,5,10,5.0,-9,home,25.766666666666666,aytonde01,Deandre Ayton,2025-26
2026-01-02,LAL,MEM,"W, 128-121",*,24:49,2,4,.500,0,0,,2,4,.500,.500,0,0,,1,5,6,0,1,0,1,3,4,3.0,-1,home,24.816666666666663,aytonde01,Deandre Ayton,2025-26
2026-01-04,LAL,MEM,"W, 120-114",*,33:34,6,8,.750,0,0,,6,8,.750,.750,3,6,.500,1,7,8,1,1,3,1,2,15,15.4,6,home,33.56666666666667,aytonde01,Deandre Ayton,2025-26
2026-01-06,LAL,NOP,"W, 111-103",*,31:54,9,16,.563,0,0,,9,16,.563,.563,0,0,,3,8,11,3,1,2,1,0,18,18.4,13,away,31.9,aytonde01,Deandre Ayton,2025-26
2026-01-07,LAL,SAS,"L, 91-107",*,28:54,4,9,.444,0,0,,4,9,.444,.444,1,2,.500,1,5,6,1,0,1,1,2,9,5.7,-9,away,28.9,aytonde01,Deandre Ayton,2025-26
2026-01-09,LAL,MIL,"L, 101-105",*,23:33,2,6,.333,0,0,,2,6,.333,.333,0,0,,1,4,5,0,0,0,1,1,4,1.1,-13,home,23.55,aytonde01,Deandre Ayton,2025-26
2026-01-12,LAL,SAC,"L, 112-124",*,27:25,4,7,.571,0,0,,4,7,.571,.571,5,8,.625,5,8,13,1,0,2,2,0,13,14.5,-12,away,27.416666666666668,aytonde01,Deandre Ayton,2025-26
2026-01-13,LAL,ATL,"W, 141-116",*,30:51,7,9,.778,0,0,,7,9,.778,.778,3,3,1.000,3,15,18,1,0,0,0,3,17,19.6,31,home,30.85,aytonde01,Deandre Ayton,2025-26
2026-01-15,LAL,CHO,"L, 117-135",*,31:46,6,10,.600,0,0,,6,10,.600,.600,0,0,,2,4,6,1,1,1,1,1,12,11.0,-4,home,31.766666666666666,aytonde01,Deandre Ayton,2025-26
2026-01-18,LAL,TOR,"W, 110-93",*,32:42,10,10,1.000,0,0,,10,10,1.000,1.000,5,6,.833,1,12,13,1,0,1,0,2,25,26.5,20,home,32.7,aytonde01,Deandre Ayton,2025-26
2026-01-20,LAL,DEN,"W, 115-107",*,14:49,2,5,.400,0,0,,2,5,.400,.400,0,0,,1,7,8,0,0,0,0,1,4,3.7,-1,away,14.816666666666666,aytonde01,Deandre Ayton,2025-26
2026-01-22,LAL,LAC,"L, 104-112",*,20:30,2,5,.400,0,0,,2,5,.400,.400,0,0,,2,3,5,0,0,1,1,1,4,2.9,-14,away,20.5,aytonde01,Deandre Ayton,2025-26
2026-01-24,LAL,DAL,"W, 116-110",*,23:45,4,16,.250,0,0,,4,16,.250,.250,1,2,.500,5,6,11,0,0,1,1,4,9,2.4,-12,away,23.75,aytonde01,Deandre Ayton,2025-26
2026-01-26,LAL,CHI,"W, 129-118",*,22:06,3,6,.500,0,0,,3,6,.500,.500,0,0,,0,2,2,0,0,0,0,1,6,3.2,-15,away,22.1,aytonde01,Deandre Ayton,2025-26
2026-01-28,LAL,CLE,"L, 99-129",*,19:26,4,4,1.000,0,0,,4,4,1.000,1.000,2,2,1.000,2,2,4,2,0,1,1,3,10,10.7,-20,away,19.433333333333334,aytonde01,Deandre Ayton,2025-26
2026-01-30,LAL,WAS,"W, 142-111",*,28:57,12,14,.857,0,0,,12,14,.857,.857,4,4,1.000,5,8,13,3,1,3,1,0,28,33.1,30,away,28.95,aytonde01,Deandre Ayton,2025-26
2026-02-01,LAL,NYK,"L, 100-112",*,32:06,6,6,1.000,0,0,,6,6,1.000,1.000,1,1,1.000,4,1,5,1,1,0,0,3,13,14.8,-12,away,32.1,aytonde01,Deandre Ayton,2025-26
2026-02-03,LAL,BRK,"W, 125-109",*,27:38,3,5,.600,0,0,,3,5,.600,.600,1,2,.500,2,6,8,3,1,0,1,3,7,8.4,16,away,27.633333333333333,aytonde01,Deandre Ayton,2025-26
2026-02-05,LAL,PHI,"W, 119-115",*,19:54,4,5,.800,0,0,,4,5,.800,.800,2,2,1.000,2,4,6,0,0,2,0,2,10,11.3,-13,home,19.9,aytonde01,Deandre Ayton,2025-26
2026-02-09,LAL,OKC,"L, 110-119",*,29:01,3,5,.600,0,0,,3,5,.600,.600,0,3,.000,3,7,10,0,0,0,1,3,6,4.5,-5,home,29.016666666666666,aytonde01,Deandre Ayton,2025-26
2026-02-20,LAL,LAC,"W, 125-122",*,27:33,5,10,.500,0,0,,5,10,.500,.500,3,3,1.000,2,5,7,1,0,1,1,2,13,10.5,-2,home,27.55,aytonde01,Deandre Ayton,2025-26
2026-02-22,LAL,BOS,"L, 89-111",*,24:50,2,6,.333,0,0,,2,6,.333,.333,0,0,,2,5,7,1,1,1,1,4,4,3.3,-15,home,24.83333333333333,aytonde01,Deandre Ayton,2025-26
2026-02-24,LAL,ORL,"L, 109-110",*,32:20,8,11,.727,0,0,,8,11,.727,.727,5,5,1.000,2,11,13,0,1,0,2,3,21,19.0,-2,home,32.333333333333336,aytonde01,Deandre Ayton,2025-26
2026-02-26,LAL,PHO,"L, 110-113",*,22:33,1,3,.333,0,0,,1,3,.333,.333,0,0,,1,3,4,0,1,0,0,1,2,2.5,-24,away,22.55,aytonde01,Deandre Ayton,2025-26
2026-02-28,LAL,GSW,"W, 129-101",*,19:39,2,5,.400,0,0,,2,5,.400,.400,0,2,.000,2,8,10,0,0,0,0,0,4,4.3,14,away,19.65,aytonde01,Deandre Ayton,2025-26
2026-03-01,LAL,SAC,"W, 128-104",*,18:02,6,6,1.000,0,0,,6,6,1.000,1.000,0,1,.000,1,3,4,2,2,1,1,0,12,14.5,2,home,18.03333333333333,aytonde01,Deandre Ayton,2025-26
2026-03-03,LAL,NOP,"W, 110-101",*,25:08,6,8,.750,0,0,,6,8,.750,.750,1,1,1.000,3,5,8,1,0,2,2,4,13,11.9,-7,home,25.133333333333333,aytonde01,Deandre Ayton,2025-26
2026-03-05,LAL,DEN,"L, 113-120",*,04:30,0,1,.000,0,0,,0,1,.000,.000,0,0,,0,2,2,0,0,0,0,1,0,-0.5,-13,away,4.5,aytonde01,Deandre Ayton,2025-26
2026-03-08,LAL,NYK,"W, 110-97",*,19:55,3,4,.750,0,0,,3,4,.750,.750,0,0,,2,6,8,0,0,2,0,2,6,8.2,3,home,19.916666666666668,aytonde01,Deandre Ayton,2025-26
2026-03-10,LAL,MIN,"W, 120-106",*,34:08,7,11,.636,0,0,,7,11,.636,.636,0,2,.000,5,7,12,2,1,0,0,4,14,14.7,10,home,34.13333333333333,aytonde01,Deandre Ayton,2025-26
2026-03-12,LAL,CHI,"W, 142-130",*,37:08,10,13,.769,0,0,,10,13,.769,.769,3,6,.500,6,4,10,1,0,0,0,2,23,22.0,9,home,37.13333333333333,aytonde01,Deandre Ayton,2025-26
2026-03-14,LAL,DEN,"W, 127-125 (OT)",*,27:04,4,6,.667,0,0,,4,6,.667,.667,1,4,.250,4,5,9,2,0,1,2,3,9,8.4,1,home,27.066666666666663,aytonde01,Deandre Ayton,2025-26
2026-03-16,LAL,HOU,"W, 100-92",*,27:10,3,6,.500,0,0,,3,6,.500,.500,1,2,.500,6,5,11,0,1,1,1,1,7,9.6,11,away,27.166666666666668,aytonde01,Deandre Ayton,2025-26
2026-03-18,LAL,HOU,"W, 124-116",*,33:43,8,10,.800,0,0,,8,10,.800,.800,0,0,,1,3,4,2,0,3,1,3,16,15.1,1,away,33.71666666666667,aytonde01,Deandre Ayton,2025-26
2026-03-19,LAL,MIA,"W, 134-126",*,29:10,3,5,.600,0,0,,3,5,.600,.600,0,0,,1,3,4,0,0,0,1,5,6,2.3,13,away,29.166666666666668,aytonde01,Deandre Ayton,2025-26
2026-03-21,LAL,ORL,"W, 105-104",*,28:51,3,4,.750,0,0,,3,4,.750,.750,3,6,.500,6,6,12,1,0,0,2,1,9,10.5,2,away,28.85,aytonde01,Deandre Ayton,2025-26
2026-03-23,LAL,DET,"L, 110-113",*,26:57,5,6,.833,0,0,,5,6,.833,.833,3,4,.750,4,6,10,0,1,0,1,2,13,14.2,-6,away,26.95,aytonde01,Deandre Ayton,2025-26
2026-03-27,LAL,BRK,"W, 116-99",*,21:56,3,3,1.000,0,0,,3,3,1.000,1.000,3,4,.750,1,6,7,0,1,3,2,2,9,10.5,5,home,21.933333333333334,aytonde01,Deandre Ayton,2025-26
2026-03-30,LAL,WAS,"W, 120-101",*,22:26,5,5,1.000,0,0,,5,5,1.000,1.000,2,2,1.000,2,5,7,1,0,3,2,0,12,14.2,9,home,22.433333333333334,aytonde01,Deandre Ayton,2025-26
2026-03-31,LAL,CLE,"W, 127-113",*,28:04,8,13,.615,0,0,,8,13,.615,.615,2,3,.667,6,3,9,1,1,1,0,1,18,18.8,10,home,28.066666666666663,aytonde01,Deandre Ayton,2025-26
2026-04-02,LAL,OKC,"L, 96-139",*,19:41,4,7,.571,0,0,,4,7,.571,.571,0,0,,0,1,1,0,1,0,0,0,8,6.0,-23,away,19.683333333333334,aytonde01,Deandre Ayton,2025-26
2026-04-05,LAL,DAL,"L, 128-134",*,19:26,5,9,.556,0,0,,5,9,.556,.556,3,4,.750,2,2,4,1,0,1,0,2,13,10.9,0,away,19.433333333333334,aytonde01,Deandre Ayton,2025-26
2026-04-07,LAL,OKC,"L, 87-123",*,22:50,1,4,.250,0,0,,1,4,.250,.250,1,2,.500,1,2,3,0,0,1,1,2,3,0.4,-26,home,22.83333333333333,aytonde01,Deandre Ayton,2025-26
2026-04-09,LAL,GSW,"W, 119-103",*,30:39,9,11,.818,0,0,,9,11,.818,.818,3,4,.750,3,2,5,1,0,1,0,2,21,19.8,19,away,30.65,aytonde01,Deandre Ayton,2025-26
2026-04-10,LAL,PHO,"W, 101-73",*,30:08,4,8,.500,0,0,,4,8,.500,.500,2,2,1.000,2,3,5,0,1,1,0,2,10,9.2,19,home,30.133333333333333,aytonde01,Deandre Ayton,2025-26
2026-04-12,LAL,UTA,"W, 131-107",*,25:37,10,14,.714,0,0,,10,14,.714,.714,2,2,1.000,3,7,10,1,0,3,0,1,22,22.8,13,home,25.616666666666667,aytonde01,Deandre Ayton,2025-26
2025-10-22,WAS,MIL,"L, 120-133",,14:58,0,0,,0,0,,0,0,,,1,2,.500,1,2,3,1,1,0,1,2,1,1.8,-11,away,14.966666666666669,baglema01,Marvin Bagley III,2025-26
2025-10-24,WAS,DAL,"W, 117-107",,14:54,4,6,.667,1,2,.500,3,4,.750,.750,1,2,.500,2,2,4,1,0,0,0,4,10,8.1,-6,away,14.9,baglema01,Marvin Bagley III,2025-26
2025-10-26,WAS,CHO,"L, 113-139",,09:50,1,1,1.000,0,0,,1,1,1.000,1.000,0,0,,0,1,1,0,0,0,1,2,2,0.2,-14,home,9.833333333333334,baglema01,Marvin Bagley III,2025-26
2025-10-28,WAS,PHI,"L, 134-139 (OT)",,18:40,6,7,.857,0,0,,6,7,.857,.857,2,4,.500,3,4,7,3,2,1,1,3,14,16.6,-4,home,18.666666666666668,baglema01,Marvin Bagley III,2025-26
2025-10-30,WAS,OKC,"L, 108-127",,16:12,3,4,.750,1,1,1.000,2,3,.667,.875,1,2,.500,2,1,3,2,0,0,1,3,8,6.9,-7,away,16.2,baglema01,Marvin Bagley III,2025-26
2025-11-01,WAS,ORL,"L, 94-125",,14:51,4,7,.571,0,1,.000,4,6,.667,.571,0,0,,3,0,3,3,0,1,0,3,8,8.4,-7,home,14.85,baglema01,Marvin Bagley III,2025-26
2025-11-03,WAS,NYK,"L, 102-119",,14:15,2,3,.667,0,1,.000,2,2,1.000,.667,2,2,1.000,1,6,7,0,0,0,0,3,6,6.0,-10,away,14.25,baglema01,Marvin Bagley III,2025-26
2025-11-05,WAS,BOS,"L, 107-136",,12:43,5,6,.833,0,0,,5,6,.833,.833,1,1,1.000,2,3,5,2,0,1,2,2,11,10.4,-1,away,12.716666666666669,baglema01,Marvin Bagley III,2025-26
2025-11-07,WAS,CLE,"L, 115-148",,11:41,0,4,.000,0,0,,0,4,.000,.000,2,2,1.000,4,3,7,0,0,0,0,1,2,2.5,-5,home,11.683333333333334,baglema01,Marvin Bagley III,2025-26
2025-11-08,WAS,DAL,"L, 105-111",,17:17,4,7,.571,0,0,,4,7,.571,.571,2,2,1.000,3,2,5,1,0,1,2,1,10,8.4,-7,home,17.283333333333335,baglema01,Marvin Bagley III,2025-26
2025-11-10,WAS,DET,"L, 135-137 (OT)",,15:39,4,6,.667,1,1,1.000,3,5,.600,.750,0,0,,1,1,2,1,3,3,3,1,9,9.8,3,away,15.65,baglema01,Marvin Bagley III,2025-26
2025-11-12,WAS,HOU,"L, 112-135",,12:29,4,4,1.000,0,0,,4,4,1.000,1.000,1,1,1.000,2,3,5,1,0,0,0,1,9,10.4,-4,away,12.483333333333333,baglema01,Marvin Bagley III,2025-26
2025-11-16,WAS,BRK,"L, 106-129",,16:45,1,3,.333,0,0,,1,3,.333,.333,2,3,.667,0,3,3,1,0,0,1,1,4,2.1,-6,home,16.75,baglema01,Marvin Bagley III,2025-26
2025-11-19,WAS,MIN,"L, 109-120",*,30:33,6,11,.545,0,0,,6,11,.545,.545,1,2,.500,3,4,7,3,3,1,2,3,13,13.2,10,away,30.55,baglema01,Marvin Bagley III,2025-26
2025-12-01,WAS,MIL,"W, 129-126",*,29:15,11,16,.688,0,1,.000,11,15,.733,.688,0,0,,6,2,8,1,0,0,0,2,22,19.9,-3,home,29.25,baglema01,Marvin Bagley III,2025-26
2025-12-02,WAS,PHI,"L, 102-121",*,26:18,3,6,.500,1,2,.500,2,4,.500,.583,6,6,1.000,4,4,8,1,0,5,1,3,13,16.0,9,away,26.3,baglema01,Marvin Bagley III,2025-26
2025-12-04,WAS,BOS,"L, 101-146",*,25:39,2,8,.250,0,0,,2,8,.250,.250,1,4,.250,3,3,6,0,0,0,1,1,5,0.6,-19,home,25.65,baglema01,Marvin Bagley III,2025-26
2025-12-06,WAS,ATL,"L, 116-131",*,19:14,3,5,.600,0,0,,3,5,.600,.600,0,0,,0,3,3,2,1,1,1,3,6,5.5,-7,home,19.23333333333333,baglema01,Marvin Bagley III,2025-26
2025-12-12,WAS,CLE,"L, 126-130",*,33:17,6,10,.600,1,1,1.000,5,9,.556,.650,2,2,1.000,4,9,13,4,0,0,2,1,15,16.3,12,home,33.28333333333333,baglema01,Marvin Bagley III,2025-26
2025-12-14,WAS,IND,"W, 108-89",*,31:58,9,14,.643,0,0,,9,14,.643,.643,5,10,.500,9,5,14,1,1,1,2,4,23,21.4,11,away,31.966666666666665,baglema01,Marvin Bagley III,2025-26
2025-12-18,WAS,SAS,"L, 94-119",,18:36,5,6,.833,1,1,1.000,4,5,.800,.917,2,4,.500,2,2,4,5,0,0,2,6,13,11.1,-5,away,18.6,baglema01,Marvin Bagley III,2025-26
2025-12-20,WAS,MEM,"W, 130-122",,21:56,8,13,.615,0,1,.000,8,12,.667,.615,0,0,,5,1,6,3,0,0,2,3,16,12.8,7,away,21.933333333333334,baglema01,Marvin Bagley III,2025-26
2025-12-23,WAS,CHO,"L, 109-126",,21:08,5,7,.714,0,0,,5,7,.714,.714,5,6,.833,2,1,3,1,0,1,0,1,15,14.4,-5,away,21.133333333333333,baglema01,Marvin Bagley III,2025-26
2025-12-26,WAS,TOR,"W, 138-117",,21:36,3,4,.750,0,0,,3,4,.750,.750,0,0,,0,5,5,2,0,1,0,3,6,6.8,7,home,21.6,baglema01,Marvin Bagley III,2025-26
2025-12-28,WAS,MEM,"W, 116-112",,21:44,6,8,.750,0,0,,6,8,.750,.750,2,2,1.000,3,4,7,1,0,0,1,1,14,13.4,0,home,21.73333333333333,baglema01,Marvin Bagley III,2025-26
2025-12-29,WAS,PHO,"L, 101-115",,22:06,2,5,.400,0,1,.000,2,4,.500,.400,3,4,.750,3,4,7,2,0,3,0,0,7,10.7,11,home,22.1,baglema01,Marvin Bagley III,2025-26
2025-12-31,WAS,MIL,"W, 114-113",,19:37,4,6,.667,0,1,.000,4,5,.800,.667,1,1,1.000,0,3,3,4,2,0,1,2,9,10.3,6,away,19.616666666666667,baglema01,Marvin Bagley III,2025-26
2026-01-02,WAS,BRK,"W, 119-99",,16:52,5,5,1.000,0,0,,5,5,1.000,1.000,2,2,1.000,2,6,8,1,1,0,0,1,12,15.0,18,home,16.866666666666667,baglema01,Marvin Bagley III,2025-26
2026-01-04,WAS,MIN,"L, 115-141",,13:45,3,3,1.000,0,0,,3,3,1.000,1.000,0,0,,1,2,3,0,0,0,3,4,6,1.8,-23,home,13.75,baglema01,Marvin Bagley III,2025-26
2026-01-06,WAS,ORL,"W, 120-112",,17:05,2,6,.333,0,0,,2,6,.333,.333,8,8,1.000,0,3,3,0,2,1,2,2,12,9.4,-15,home,17.083333333333332,baglema01,Marvin Bagley III,2025-26
2026-01-07,WAS,PHI,"L, 110-131",,16:27,4,10,.400,1,2,.500,3,8,.375,.450,0,0,,5,4,9,1,0,1,1,0,9,8.7,6,away,16.45,baglema01,Marvin Bagley III,2025-26
2026-01-11,WAS,PHO,"L, 93-112",,15:54,3,4,.750,0,0,,3,4,.750,.750,0,0,,1,2,3,0,1,1,4,1,6,3.0,-16,away,15.9,baglema01,Marvin Bagley III,2025-26
2026-01-14,WAS,LAC,"L, 105-119",,26:57,7,10,.700,0,1,.000,7,9,.778,.700,1,2,.500,5,6,11,2,0,0,1,0,15,16.1,4,away,26.95,baglema01,Marvin Bagley III,2025-26
2026-01-16,WAS,SAC,"L, 115-128",,19:12,1,5,.200,0,1,.000,1,4,.250,.200,6,8,.750,1,3,4,0,1,0,0,4,8,5.1,-8,away,19.2,baglema01,Marvin Bagley III,2025-26
2026-01-17,WAS,DEN,"L, 115-121",,19:45,5,6,.833,0,0,,5,6,.833,.833,4,9,.444,3,3,6,2,1,1,1,0,14,14.9,2,away,19.75,baglema01,Marvin Bagley III,2025-26
2026-01-19,WAS,LAC,"L, 106-110",,17:05,2,5,.400,0,0,,2,5,.400,.400,2,2,1.000,7,1,8,1,0,2,4,3,6,5.4,-15,home,17.083333333333332,baglema01,Marvin Bagley III,2025-26
2026-02-01,WAS,SAC,"W, 116-112",*,18:43,7,8,.875,1,1,1.000,6,7,.857,.938,0,0,,2,4,6,2,1,1,0,2,15,17.1,-10,home,18.716666666666665,baglema01,Marvin Bagley III,2025-26
2026-02-03,WAS,NYK,"L, 101-132",,15:47,4,7,.571,0,0,,4,7,.571,.571,3,4,.750,2,4,6,1,0,0,1,1,11,9.2,-4,home,15.783333333333331,baglema01,Marvin Bagley III,2025-26
2026-02-07,DAL,SAS,"L, 125-138",,24:23,6,14,.429,1,1,1.000,5,13,.385,.464,3,7,.429,8,4,12,2,1,4,0,1,16,18.6,-19,away,24.383333333333333,baglema01,Marvin Bagley III,2025-26
2026-02-10,DAL,PHO,"L, 111-120",,24:13,4,4,1.000,0,0,,4,4,1.000,1.000,1,4,.250,4,4,8,2,0,0,1,2,9,10.2,7,away,24.216666666666665,baglema01,Marvin Bagley III,2025-26
2026-02-12,DAL,LAL,"L, 104-124",,20:05,3,7,.429,0,1,.000,3,6,.500,.429,1,2,.500,0,4,4,0,1,0,0,3,7,3.9,-18,away,20.08333333333333,baglema01,Marvin Bagley III,2025-26
2026-02-20,DAL,MIN,"L, 111-122",,24:19,5,9,.556,1,2,.500,4,7,.571,.611,4,4,1.000,7,6,13,0,0,1,1,1,15,16.7,-5,away,24.316666666666663,baglema01,Marvin Bagley III,2025-26
2026-02-22,DAL,IND,"W, 134-130",,26:04,5,9,.556,0,0,,5,9,.556,.556,2,4,.500,2,9,11,1,1,0,0,0,12,12.7,-6,away,26.066666666666663,baglema01,Marvin Bagley III,2025-26
2026-02-24,DAL,BRK,"W, 123-114",,19:30,10,13,.769,0,0,,10,13,.769,.769,2,4,.500,1,4,5,1,0,0,1,3,22,16.5,5,away,19.5,baglema01,Marvin Bagley III,2025-26
2026-02-26,DAL,SAC,"L, 121-130",*,28:37,5,6,.833,0,0,,5,6,.833,.833,0,0,,1,8,9,0,0,2,4,4,10,6.7,-2,home,28.616666666666667,baglema01,Marvin Bagley III,2025-26
2026-03-08,DAL,TOR,"L, 92-122",,19:38,2,6,.333,0,1,.000,2,5,.400,.333,2,2,1.000,1,6,7,2,0,0,0,1,6,6.1,-16,away,19.633333333333333,baglema01,Marvin Bagley III,2025-26
2026-03-10,DAL,ATL,"L, 112-124",,20:39,3,7,.429,1,2,.500,2,5,.400,.500,0,0,,1,5,6,6,0,0,0,1,7,9.3,8,away,20.65,baglema01,Marvin Bagley III,2025-26
2026-03-12,DAL,MEM,"W, 120-112",,19:07,3,5,.600,0,1,.000,3,4,.750,.600,0,0,,3,6,9,0,0,2,0,3,6,7.8,6,away,19.116666666666667,baglema01,Marvin Bagley III,2025-26
2026-03-13,DAL,CLE,"L, 105-138",*,27:17,2,5,.400,0,1,.000,2,4,.500,.400,0,0,,1,3,4,0,0,1,2,1,4,1.2,-9,home,27.28333333333333,baglema01,Marvin Bagley III,2025-26
2026-03-15,DAL,CLE,"W, 130-120",,15:49,2,4,.500,1,2,.500,1,2,.500,.625,1,2,.500,0,5,5,0,0,1,2,4,6,2.2,-2,away,15.816666666666666,baglema01,Marvin Bagley III,2025-26
2026-03-16,DAL,NOP,"L, 111-129",,18:50,4,7,.571,1,1,1.000,3,6,.500,.643,0,0,,6,3,9,1,1,0,0,4,9,10.9,-14,away,18.83333333333333,baglema01,Marvin Bagley III,2025-26
2026-03-18,DAL,ATL,"L, 120-135",,16:00,1,2,.500,0,0,,1,2,.500,.500,0,0,,0,7,7,0,1,0,0,0,2,4.1,-12,home,16.0,baglema01,Marvin Bagley III,2025-26
2026-03-21,DAL,LAC,"L, 131-138 (OT)",,24:34,7,8,.875,2,2,1.000,5,6,.833,1.000,1,3,.333,3,4,7,1,0,0,2,1,17,15.0,-9,home,24.566666666666663,baglema01,Marvin Bagley III,2025-26
2026-03-23,DAL,GSW,"L, 131-137 (OT)",,14:30,3,4,.750,1,2,.500,2,2,1.000,.875,2,3,.667,0,0,0,3,0,0,1,2,9,7.3,-1,home,14.5,baglema01,Marvin Bagley III,2025-26
2026-03-25,DAL,DEN,"L, 135-142",,17:24,3,8,.375,0,2,.000,3,6,.500,.375,1,2,.500,2,1,3,3,0,0,0,3,7,4.8,0,away,17.4,baglema01,Marvin Bagley III,2025-26
2026-03-27,DAL,POR,"W, 100-93",,27:15,11,14,.786,3,5,.600,8,9,.889,.893,1,4,.250,3,6,9,3,1,1,1,5,26,24.1,6,away,27.25,baglema01,Marvin Bagley III,2025-26
2026-04-05,DAL,LAL,"W, 134-128",,21:29,4,7,.571,1,1,1.000,3,6,.500,.643,0,0,,2,2,4,0,1,1,0,1,9,9.0,-10,home,21.48333333333333,baglema01,Marvin Bagley III,2025-26
2026-04-07,DAL,LAC,"L, 103-116",,26:03,8,11,.727,1,1,1.000,7,10,.700,.773,4,4,1.000,4,5,9,1,1,2,0,2,21,23.1,-8,away,26.05,baglema01,Marvin Bagley III,2025-26
2026-04-08,DAL,PHO,"L, 107-112",*,26:17,8,11,.727,3,6,.500,5,5,1.000,.864,1,2,.500,4,4,8,2,0,1,2,2,20,18.4,-6,away,26.28333333333333,baglema01,Marvin Bagley III,2025-26
2026-04-10,DAL,SAS,"L, 120-139",*,08:09,1,4,.250,0,2,.000,1,2,.500,.250,0,0,,0,1,1,1,0,0,0,1,2,0.2,-9,away,8.15,baglema01,Marvin Bagley III,2025-26
2026-03-28,MEM,CHI,"W, 125-124",,27:34,1,8,.125,1,5,.200,0,3,.000,.188,0,0,,0,2,2,3,2,0,0,5,3,0.5,-7,home,27.566666666666663,balad01,Adama-Alpha Bal,2025-26
2026-03-30,MEM,PHO,"L, 105-131",,30:59,3,6,.500,1,3,.333,2,3,.667,.583,2,3,.667,1,2,3,2,1,0,0,2,9,8.5,-17,home,30.98333333333333,balad01,Adama-Alpha Bal,2025-26
2026-04-01,MEM,NYK,"L, 119-130",,23:29,4,7,.571,3,5,.600,1,2,.500,.786,0,0,,1,1,2,2,0,0,0,1,11,9.7,-15,home,23.48333333333333,balad01,Adama-Alpha Bal,2025-26
2026-04-03,MEM,TOR,"L, 96-128",,20:08,1,4,.250,0,2,.000,1,2,.500,.250,0,0,,0,2,2,1,0,0,3,5,2,-4.1,-24,home,20.133333333333333,balad01,Adama-Alpha Bal,2025-26
2026-04-05,MEM,MIL,"L, 115-131",,25:12,3,7,.429,2,4,.500,1,3,.333,.571,0,0,,0,2,2,2,2,0,1,6,8,4.9,-18,away,25.2,balad01,Adama-Alpha Bal,2025-26
2026-04-06,MEM,CLE,"L, 126-142",,36:39,7,14,.500,6,11,.545,1,3,.333,.714,0,0,,2,4,6,0,1,0,0,5,20,14.6,-25,home,36.65,balad01,Adama-Alpha Bal,2025-26
2026-04-08,MEM,DEN,"L, 119-136",,38:49,3,10,.300,2,6,.333,1,4,.250,.400,4,4,1.000,2,4,6,5,2,0,1,1,12,12.9,-18,away,38.81666666666667,balad01,Adama-Alpha Bal,2025-26
2026-04-10,MEM,UTA,"L, 101-147",*,38:29,6,12,.500,3,8,.375,3,4,.750,.625,3,3,1.000,0,2,2,4,1,1,1,2,18,15.3,-42,away,38.48333333333333,balad01,Adama-Alpha Bal,2025-26
2025-11-05,SAC,GSW,"W, 121-116",,09:17,2,2,1.000,0,0,,2,2,1.000,1.000,0,0,,1,2,3,0,0,1,1,0,4,4.4,5,home,9.283333333333331,achiupr01,Precious Achiuwa,2025-26
2025-11-07,SAC,OKC,"L, 101-132",,16:52,1,5,.200,0,2,.000,1,3,.333,.200,2,3,.667,0,4,4,0,1,0,0,0,4,2.7,2,home,16.866666666666667,achiupr01,Precious Achiuwa,2025-26
2025-11-09,SAC,MIN,"L, 117-144",*,29:13,5,7,.714,0,1,.000,5,6,.833,.714,2,3,.667,4,6,10,0,0,1,1,3,12,11.8,-10,home,29.216666666666665,achiupr01,Precious Achiuwa,2025-26
2025-11-11,SAC,DEN,"L, 108-122",*,17:58,3,5,.600,0,2,.000,3,3,1.000,.600,0,0,,2,1,3,3,1,0,1,1,6,7.1,-13,home,17.966666666666665,achiupr01,Precious Achiuwa,2025-26
2025-11-12,SAC,ATL,"L, 100-133",*,19:58,4,6,.667,0,0,,4,6,.667,.667,2,4,.500,2,3,5,2,0,0,0,0,10,10.3,-14,home,19.966666666666665,achiupr01,Precious Achiuwa,2025-26
2025-11-14,SAC,MIN,"L, 110-124",*,19:39,2,4,.500,0,1,.000,2,3,.667,.500,0,1,.000,1,2,3,0,3,1,0,3,4,5.4,-14,away,19.65,achiupr01,Precious Achiuwa,2025-26
2025-11-16,SAC,SAS,"L, 110-123",,04:35,0,2,.000,0,2,.000,0,0,,.000,1,2,.500,0,1,1,0,0,0,0,0,1,-0.5,3,away,4.583333333333333,achiupr01,Precious Achiuwa,2025-26
2025-11-19,SAC,OKC,"L, 99-113",*,26:12,6,12,.500,1,1,1.000,5,11,.455,.542,2,4,.500,5,4,9,3,1,0,2,2,15,13.2,-6,away,26.2,achiupr01,Precious Achiuwa,2025-26
2025-11-20,SAC,MEM,"L, 96-137",*,24:06,1,3,.333,0,2,.000,1,1,1.000,.333,0,0,,0,5,5,2,0,0,0,1,2,2.8,-25,away,24.1,achiupr01,Precious Achiuwa,2025-26
2025-11-22,SAC,DEN,"W, 128-123",,23:37,3,4,.750,0,0,,3,4,.750,.750,1,1,1.000,2,2,4,0,1,0,0,3,7,7.2,5,away,23.616666666666667,achiupr01,Precious Achiuwa,2025-26
2025-11-24,SAC,MIN,"W, 117-112 (OT)",,34:01,5,8,.625,0,1,.000,5,7,.714,.625,0,0,,1,7,8,0,1,1,2,4,10,7.3,19,home,34.016666666666666,achiupr01,Precious Achiuwa,2025-26
2025-11-26,SAC,PHO,"L, 100-112",,24:45,6,7,.857,1,1,1.000,5,6,.833,.929,1,2,.500,2,3,5,3,1,0,0,4,14,14.9,5,home,24.75,achiupr01,Precious Achiuwa,2025-26
2025-11-28,SAC,UTA,"L, 119-128",,19:12,1,6,.167,0,0,,1,6,.167,.167,0,2,.000,2,4,6,1,0,2,0,2,2,1.3,-20,away,19.2,achiupr01,Precious Achiuwa,2025-26
2025-11-30,SAC,MEM,"L, 107-115",,23:43,5,10,.500,1,1,1.000,4,9,.444,.550,0,2,.000,3,4,7,0,0,0,0,1,11,8.1,17,home,23.716666666666665,achiupr01,Precious Achiuwa,2025-26
2025-12-03,SAC,HOU,"L, 95-121",,18:35,4,8,.500,0,1,.000,4,7,.571,.500,2,4,.500,2,2,4,0,2,0,1,2,10,7.4,-21,away,18.58333333333333,achiupr01,Precious Achiuwa,2025-26
2025-12-06,SAC,MIA,"W, 127-111",,16:19,3,5,.600,0,0,,3,5,.600,.600,1,2,.500,3,7,10,1,0,0,0,0,7,9.2,7,away,16.316666666666666,achiupr01,Precious Achiuwa,2025-26
2025-12-08,SAC,IND,"L, 105-116",,20:58,5,9,.556,0,0,,5,9,.556,.556,1,3,.333,3,2,5,2,2,2,0,1,11,13.0,-4,away,20.966666666666665,achiupr01,Precious Achiuwa,2025-26
2025-12-11,SAC,DEN,"L, 105-136",,09:55,2,4,.500,0,0,,2,4,.500,.500,0,0,,1,5,6,0,0,0,0,4,4,2.6,2,home,9.916666666666666,achiupr01,Precious Achiuwa,2025-26
2025-12-14,SAC,MIN,"L, 103-117",,26:32,7,7,1.000,1,1,1.000,6,6,1.000,1.071,2,4,.500,1,5,6,0,0,1,0,2,17,16.2,-3,away,26.53333333333333,achiupr01,Precious Achiuwa,2025-26
2025-12-18,SAC,POR,"L, 133-134 (OT)",*,14:00,1,5,.200,0,0,,1,5,.200,.200,0,0,,2,3,5,2,1,0,1,1,2,2.2,-3,away,14.0,achiupr01,Precious Achiuwa,2025-26
2025-12-20,SAC,POR,"L, 93-98",*,09:34,0,6,.000,0,1,.000,0,5,.000,.000,2,2,1.000,2,0,2,0,0,0,0,1,2,-1.2,-18,home,9.566666666666666,achiupr01,Precious Achiuwa,2025-26
2025-12-21,SAC,HOU,"W, 125-124 (OT)",*,18:14,1,2,.500,0,0,,1,2,.500,.500,3,8,.375,1,0,1,2,1,0,1,1,5,3.7,-3,home,18.23333333333333,achiupr01,Precious Achiuwa,2025-26
2025-12-23,SAC,DET,"L, 127-136",*,26:52,6,13,.462,3,4,.750,3,9,.333,.577,0,0,,4,8,12,3,2,1,1,4,15,15.7,1,home,26.866666666666667,achiupr01,Precious Achiuwa,2025-26
2025-12-27,SAC,DAL,"W, 113-107",*,25:19,2,8,.250,0,2,.000,2,6,.333,.250,1,2,.500,3,6,9,2,2,0,0,1,5,6.7,9,home,25.316666666666663,achiupr01,Precious Achiuwa,2025-26
2025-12-28,SAC,LAL,"L, 101-125",*,19:35,2,4,.500,0,1,.000,2,3,.667,.500,1,2,.500,1,2,3,1,1,0,0,0,5,5.6,-18,away,19.58333333333333,achiupr01,Precious Achiuwa,2025-26
2025-12-30,SAC,LAC,"L, 90-131",*,17:11,0,4,.000,0,0,,0,4,.000,.000,0,0,,1,2,3,2,0,1,0,2,0,-0.2,-17,away,17.183333333333334,achiupr01,Precious Achiuwa,2025-26
2026-01-01,SAC,BOS,"L, 106-120",*,21:40,5,9,.556,2,4,.500,3,5,.600,.667,2,2,1.000,0,3,3,2,2,1,1,1,14,13.3,-7,home,21.666666666666668,achiupr01,Precious Achiuwa,2025-26
2026-01-02,SAC,PHO,"L, 102-129",*,18:47,1,8,.125,0,2,.000,1,6,.167,.125,1,2,.500,3,3,6,3,0,0,2,5,3,-1.5,-12,away,18.78333333333333,achiupr01,Precious Achiuwa,2025-26
2026-01-04,SAC,MIL,"L, 98-115",*,15:25,2,3,.667,0,0,,2,3,.667,.667,0,0,,0,3,3,0,2,0,0,2,4,4.8,-13,home,15.416666666666666,achiupr01,Precious Achiuwa,2025-26
2026-01-06,SAC,DAL,"L, 98-100",*,21:53,4,7,.571,1,1,1.000,3,6,.500,.643,0,0,,1,8,9,0,1,1,1,1,9,9.1,4,home,21.883333333333333,achiupr01,Precious Achiuwa,2025-26
2026-01-09,SAC,GSW,"L, 103-137",,04:33,0,0,,0,0,,0,0,,,1,2,.500,0,0,0,1,0,2,0,0,1,2.7,2,away,4.55,achiupr01,Precious Achiuwa,2025-26
2026-01-11,SAC,HOU,"W, 111-98",*,38:52,4,7,.571,0,3,.000,4,4,1.000,.571,2,2,1.000,3,4,7,3,3,0,1,3,10,12.9,8,home,38.86666666666667,achiupr01,Precious Achiuwa,2025-26
2026-01-12,SAC,LAL,"W, 124-112",*,30:23,4,7,.571,1,1,1.000,3,6,.500,.643,0,0,,2,5,7,0,0,2,1,2,9,8.2,15,home,30.383333333333333,achiupr01,Precious Achiuwa,2025-26
2026-01-14,SAC,NYK,"W, 112-101",*,38:35,7,14,.500,2,4,.500,5,10,.500,.571,4,7,.571,6,8,14,2,2,2,2,1,20,20.8,16,home,38.583333333333336,achiupr01,Precious Achiuwa,2025-26
2026-01-16,SAC,WAS,"W, 128-115",*,27:33,7,8,.875,1,2,.500,6,6,1.000,.938,1,2,.500,4,2,6,1,0,2,1,0,16,17.3,-2,home,27.55,achiupr01,Precious Achiuwa,2025-26
2026-01-18,SAC,POR,"L, 110-117",*,17:43,2,3,.667,0,1,.000,2,2,1.000,.667,0,0,,0,3,3,2,0,1,1,3,4,3.5,-14,home,17.716666666666665,achiupr01,Precious Achiuwa,2025-26
2026-01-20,SAC,MIA,"L, 117-130",*,22:04,2,4,.500,0,1,.000,2,3,.667,.500,2,2,1.000,0,5,5,1,1,0,2,1,6,4.8,-9,home,22.066666666666663,achiupr01,Precious Achiuwa,2025-26
2026-01-21,SAC,TOR,"L, 109-122",*,20:43,5,6,.833,1,1,1.000,4,5,.800,.917,0,0,,2,6,8,1,0,0,0,1,11,12.3,-9,home,20.716666666666665,achiupr01,Precious Achiuwa,2025-26
2026-01-23,SAC,CLE,"L, 118-123",*,20:22,2,6,.333,0,1,.000,2,5,.400,.333,0,0,,3,5,8,2,0,0,1,2,4,3.8,-22,away,20.366666666666667,achiupr01,Precious Achiuwa,2025-26
2026-01-25,SAC,DET,"L, 116-139",*,17:21,2,4,.500,0,1,.000,2,3,.667,.500,0,0,,2,2,4,1,0,0,1,1,4,3.3,-10,away,17.35,achiupr01,Precious Achiuwa,2025-26
2026-01-27,SAC,NYK,"L, 87-103",*,23:41,3,7,.429,0,2,.000,3,5,.600,.429,0,0,,2,3,5,0,2,0,2,1,6,4.2,-8,away,23.683333333333334,achiupr01,Precious Achiuwa,2025-26
2026-01-29,SAC,PHI,"L, 111-113",*,34:13,4,7,.571,0,2,.000,4,5,.800,.571,0,0,,4,9,13,3,1,1,2,3,8,10.8,-1,away,34.21666666666667,achiupr01,Precious Achiuwa,2025-26
2026-01-30,SAC,BOS,"L, 93-112",*,13:10,1,5,.200,0,0,,1,5,.200,.200,0,0,,2,1,3,0,0,0,0,1,2,0.2,-8,away,13.166666666666666,achiupr01,Precious Achiuwa,2025-26
2026-02-01,SAC,WAS,"L, 112-116",*,09:16,2,7,.286,1,1,1.000,1,6,.167,.357,0,0,,3,1,4,0,0,0,1,0,5,2.3,-11,away,9.266666666666667,achiupr01,Precious Achiuwa,2025-26
2026-02-06,SAC,LAC,"L, 111-114",,08:07,2,4,.500,0,2,.000,2,2,1.000,.500,2,2,1.000,2,2,4,1,0,1,0,1,6,7.0,5,home,8.116666666666667,achiupr01,Precious Achiuwa,2025-26
2026-02-07,SAC,CLE,"L, 126-132",,15:45,1,3,.333,0,1,.000,1,2,.500,.333,0,2,.000,0,2,2,2,2,0,0,2,2,2.7,-7,home,15.75,achiupr01,Precious Achiuwa,2025-26
2026-02-09,SAC,NOP,"L, 94-120",*,20:10,4,8,.500,0,0,,4,8,.500,.500,0,0,,1,2,3,0,3,1,1,2,8,7.2,-9,away,20.166666666666668,achiupr01,Precious Achiuwa,2025-26
2026-02-11,SAC,UTA,"L, 93-121",*,16:04,3,5,.600,0,0,,3,5,.600,.600,0,0,,1,4,5,1,1,1,1,3,6,5.8,-9,away,16.066666666666666,achiupr01,Precious Achiuwa,2025-26
2026-02-19,SAC,ORL,"L, 94-131",*,33:40,7,12,.583,0,1,.000,7,11,.636,.583,0,0,,2,8,10,1,4,2,3,3,14,14.1,-21,home,33.666666666666664,achiupr01,Precious Achiuwa,2025-26
2026-02-21,SAC,SAS,"L, 122-139",*,21:05,6,9,.667,1,1,1.000,5,8,.625,.722,1,2,.500,0,3,3,4,1,0,0,1,14,14.0,6,away,21.08333333333333,achiupr01,Precious Achiuwa,2025-26
2026-02-23,SAC,MEM,"W, 123-114",*,32:42,10,15,.667,0,0,,10,15,.667,.667,2,3,.667,7,5,12,0,1,1,2,0,22,21.2,7,away,32.7,achiupr01,Precious Achiuwa,2025-26
2026-02-25,SAC,HOU,"L, 97-128",*,30:07,3,11,.273,0,2,.000,3,9,.333,.273,0,0,,5,5,10,1,0,0,2,2,6,2.4,-14,away,30.116666666666667,achiupr01,Precious Achiuwa,2025-26
2026-02-26,SAC,DAL,"W, 130-121",*,33:10,13,19,.684,3,3,1.000,10,16,.625,.763,0,0,,7,5,12,4,3,1,0,4,29,32.2,14,away,33.166666666666664,achiupr01,Precious Achiuwa,2025-26
2026-03-01,SAC,LAL,"L, 104-128",*,26:42,4,10,.400,0,1,.000,4,9,.444,.400,0,0,,5,4,9,1,1,2,0,2,8,9.6,-11,away,26.7,achiupr01,Precious Achiuwa,2025-26
2026-03-03,SAC,PHO,"L, 103-114",*,38:57,8,14,.571,0,2,.000,8,12,.667,.571,2,2,1.000,3,6,9,1,1,1,0,1,18,17.3,0,home,38.95,achiupr01,Precious Achiuwa,2025-26
2026-03-05,SAC,NOP,"L, 123-133",*,40:53,12,16,.750,1,3,.333,11,13,.846,.781,4,6,.667,1,11,12,5,1,2,0,2,29,30.9,-1,home,40.88333333333333,achiupr01,Precious Achiuwa,2025-26
2026-03-08,SAC,CHI,"W, 126-110",*,39:03,6,12,.500,1,1,1.000,5,11,.455,.542,0,0,,1,8,9,3,0,0,0,3,13,11.0,17,home,39.05,achiupr01,Precious Achiuwa,2025-26
2026-03-10,SAC,IND,"W, 114-109",*,19:32,3,6,.500,0,1,.000,3,5,.600,.500,0,0,,1,6,7,0,0,1,1,1,6,4.8,-7,home,19.53333333333333,achiupr01,Precious Achiuwa,2025-26
2026-03-11,SAC,CHO,"L, 109-117",*,29:30,6,11,.545,0,1,.000,6,10,.600,.545,2,2,1.000,4,4,8,2,1,1,1,3,14,13.6,-22,home,29.5,achiupr01,Precious Achiuwa,2025-26
2026-03-14,SAC,LAC,"W, 118-109",*,36:35,10,14,.714,3,4,.750,7,10,.700,.821,2,2,1.000,3,10,13,1,0,4,2,4,25,24.2,18,away,36.583333333333336,achiupr01,Precious Achiuwa,2025-26
2026-03-15,SAC,UTA,"W, 116-111",*,33:27,10,15,.667,0,2,.000,10,13,.769,.667,0,0,,3,8,11,1,2,1,2,0,20,19.4,10,home,33.45,achiupr01,Precious Achiuwa,2025-26
2026-03-17,SAC,SAS,"L, 104-132",*,29:38,4,12,.333,1,4,.250,3,8,.375,.375,1,1,1.000,2,5,7,2,0,1,0,2,10,7.4,-19,home,29.633333333333333,achiupr01,Precious Achiuwa,2025-26
2026-03-19,SAC,PHI,"L, 118-139",*,33:49,3,5,.600,0,1,.000,3,4,.750,.600,6,10,.600,0,7,7,0,0,1,1,0,12,9.9,-7,home,33.81666666666667,achiupr01,Precious Achiuwa,2025-26
2026-03-22,SAC,BRK,"W, 126-122",*,28:26,6,13,.462,0,0,,6,13,.462,.462,2,4,.500,6,9,15,0,1,0,2,1,14,12.0,-4,home,28.433333333333334,achiupr01,Precious Achiuwa,2025-26
2026-03-26,SAC,ORL,"L, 117-121",*,33:45,7,12,.583,0,1,.000,7,11,.636,.583,0,0,,4,5,9,2,2,2,2,1,14,15.1,2,away,33.75,achiupr01,Precious Achiuwa,2025-26
2026-03-28,SAC,ATL,"L, 113-123",*,20:11,8,11,.727,0,1,.000,8,10,.800,.727,0,0,,5,1,6,2,2,0,1,1,16,17.3,-1,away,20.183333333333334,achiupr01,Precious Achiuwa,2025-26
2026-03-29,SAC,BRK,"L, 99-116",*,34:19,7,14,.500,0,1,.000,7,13,.538,.500,2,7,.286,4,4,8,1,1,0,3,2,16,8.9,-20,away,34.31666666666667,achiupr01,Precious Achiuwa,2025-26
2026-04-01,SAC,TOR,"W, 123-115",*,37:58,12,19,.632,1,2,.500,11,17,.647,.658,3,4,.750,11,8,19,1,0,1,2,4,28,27.0,22,away,37.96666666666667,achiupr01,Precious Achiuwa,2025-26
2026-04-03,SAC,NOP,"W, 117-113",*,24:51,6,10,.600,0,2,.000,6,8,.750,.600,0,1,.000,3,4,7,2,2,0,3,2,12,9.9,7,home,24.85,achiupr01,Precious Achiuwa,2025-26
2026-04-05,SAC,LAC,"L, 109-138",*,20:11,3,6,.500,0,0,,3,6,.500,.500,2,6,.333,3,2,5,0,0,0,1,3,8,3.9,-22,home,20.183333333333334,achiupr01,Precious Achiuwa,2025-26
2026-04-07,SAC,GSW,"L, 105-110",*,34:12,6,14,.429,0,2,.000,6,12,.500,.429,1,2,.500,2,4,6,4,0,1,2,0,13,9.3,3,away,34.2,achiupr01,Precious Achiuwa,2025-26
2026-04-10,SAC,GSW,"W, 124-118",*,24:55,2,9,.222,0,4,.000,2,5,.400,.222,1,2,.500,1,5,6,4,2,1,1,1,5,5.4,-12,home,24.916666666666668,achiupr01,Precious Achiuwa,2025-26
2026-04-12,SAC,POR,"L, 110-122",*,35:00,10,21,.476,0,3,.000,10,18,.556,.476,7,11,.636,4,7,11,4,0,1,2,1,27,20.7,-1,away,35.0,achiupr01,Precious Achiuwa,2025-26
2025-10-24,NOP,SAS,"L, 116-120 (OT)",,03:28,0,0,,0,0,,0,0,,,0,0,,0,0,0,0,0,0,0,0,0,0.0,-2,home,3.466666666666667,alvarjo01,Jose Alvarado,2025-26
2025-10-27,NOP,BOS,"L, 90-122",,21:40,2,6,.333,1,4,.250,1,2,.500,.417,0,0,,1,2,3,2,2,0,1,0,5,5.3,-3,home,21.666666666666668,alvarjo01,Jose Alvarado,2025-26
2025-10-29,NOP,DEN,"L, 88-122",,13:57,1,5,.200,1,4,.250,0,1,.000,.300,0,0,,0,2,2,1,1,0,1,1,3,0.8,-25,away,13.95,alvarjo01,Jose Alvarado,2025-26
2025-10-31,NOP,LAC,"L, 124-126",,16:16,1,3,.333,1,3,.333,0,0,,.500,1,2,.500,0,2,2,1,1,0,0,2,4,3.4,-3,away,16.266666666666666,alvarjo01,Jose Alvarado,2025-26
2025-11-02,NOP,OKC,"L, 106-137",,18:10,1,3,.333,1,2,.500,0,1,.000,.500,0,0,,0,2,2,2,1,0,0,2,3,3.5,-12,away,18.166666666666668,alvarjo01,Jose Alvarado,2025-26
2025-11-04,NOP,CHO,"W, 116-112",,30:33,7,11,.636,4,7,.571,3,4,.750,.818,0,0,,1,2,3,6,2,0,1,1,18,19.2,21,home,30.55,alvarjo01,Jose Alvarado,2025-26
2025-11-05,NOP,DAL,"W, 101-99",,22:35,4,8,.500,3,5,.600,1,3,.333,.688,2,2,1.000,1,7,8,2,0,0,1,1,13,11.8,12,away,22.58333333333333,alvarjo01,Jose Alvarado,2025-26
2025-11-08,NOP,SAS,"L, 119-126",,16:35,2,3,.667,2,2,1.000,0,1,.000,1.000,2,2,1.000,0,2,2,5,0,0,0,2,8,10.0,-6,away,16.583333333333332,alvarjo01,Jose Alvarado,2025-26
2025-11-10,NOP,PHO,"L, 98-121",,23:22,2,6,.333,1,3,.333,1,3,.333,.417,3,4,.750,0,3,3,4,2,0,1,3,8,7.7,-11,away,23.366666666666667,alvarjo01,Jose Alvarado,2025-26
2025-11-12,NOP,POR,"L, 117-125",,21:54,2,7,.286,1,5,.200,1,2,.500,.357,0,0,,1,0,1,3,1,0,3,2,5,0.9,-5,home,21.9,alvarjo01,Jose Alvarado,2025-26
2025-11-14,NOP,LAL,"L, 104-118",,21:22,3,8,.375,2,4,.500,1,4,.250,.500,0,0,,1,1,2,2,1,0,1,3,8,4.8,7,home,21.366666666666667,alvarjo01,Jose Alvarado,2025-26
2025-11-16,NOP,GSW,"L, 106-124",,25:14,6,12,.500,3,8,.375,3,4,.750,.625,3,3,1.000,0,1,1,3,0,0,4,0,18,10.4,-1,home,25.23333333333333,alvarjo01,Jose Alvarado,2025-26
2025-11-17,NOP,OKC,"L, 109-126",,22:47,3,9,.333,0,4,.000,3,5,.600,.333,0,0,,1,1,2,1,2,0,1,4,6,2.0,-5,home,22.78333333333333,alvarjo01,Jose Alvarado,2025-26
2025-11-19,NOP,DEN,"L, 118-125",,18:54,1,6,.167,0,4,.000,1,2,.500,.167,0,0,,1,3,4,2,1,0,0,0,2,2.2,-13,home,18.9,alvarjo01,Jose Alvarado,2025-26
2025-11-21,NOP,DAL,"L, 115-118",,19:45,2,5,.400,1,4,.250,1,1,1.000,.500,0,0,,0,5,5,6,0,0,2,2,5,5.2,2,away,19.75,alvarjo01,Jose Alvarado,2025-26
2025-11-22,NOP,ATL,"L, 98-115",,16:34,3,5,.600,2,3,.667,1,2,.500,.800,0,0,,0,1,1,1,0,0,2,1,8,4.3,-12,home,16.566666666666666,alvarjo01,Jose Alvarado,2025-26
2025-11-24,NOP,CHI,"W, 143-130",,31:56,7,16,.438,2,9,.222,5,7,.714,.500,0,0,,1,7,8,8,2,0,2,2,16,15.2,14,home,31.933333333333334,alvarjo01,Jose Alvarado,2025-26
2025-11-26,NOP,MEM,"L, 128-133 (OT)",,26:37,9,15,.600,6,11,.545,3,4,.750,.800,0,0,,1,4,5,2,2,0,1,5,24,19.4,23,home,26.616666666666667,alvarjo01,Jose Alvarado,2025-26
2025-11-29,NOP,GSW,"L, 96-104",,30:38,1,10,.100,1,7,.143,0,3,.000,.150,4,4,1.000,1,2,3,4,0,1,2,5,7,1.2,-11,away,30.633333333333333,alvarjo01,Jose Alvarado,2025-26
2025-11-30,NOP,LAL,"L, 121-133",,28:22,5,12,.417,2,8,.250,3,4,.750,.500,0,0,,0,0,0,2,0,0,0,4,12,5.4,-5,away,28.366666666666667,alvarjo01,Jose Alvarado,2025-26
2025-12-02,NOP,MIN,"L, 142-149 (OT)",,25:16,5,8,.625,4,4,1.000,1,4,.250,.875,0,0,,0,3,3,3,1,0,2,3,14,11.2,-12,home,25.266666666666666,alvarjo01,Jose Alvarado,2025-26
2025-12-04,NOP,MIN,"L, 116-125",,22:05,5,8,.625,3,5,.600,2,3,.667,.813,0,0,,0,3,3,1,2,0,2,3,13,9.8,-16,home,22.08333333333333,alvarjo01,Jose Alvarado,2025-26
2025-12-06,NOP,BRK,"L, 101-119",,30:00,4,6,.667,1,3,.333,3,3,1.000,.750,0,1,.000,0,2,2,6,4,0,4,2,9,10.0,8,away,30.0,alvarjo01,Jose Alvarado,2025-26
2025-12-08,NOP,SAS,"L, 132-135",,31:11,4,7,.571,2,5,.400,2,2,1.000,.714,0,0,,0,3,3,6,1,1,1,3,10,11.3,-8,home,31.183333333333334,alvarjo01,Jose Alvarado,2025-26
2025-12-11,NOP,POR,"W, 143-120",,22:52,2,8,.250,0,3,.000,2,5,.400,.250,0,0,,1,4,5,9,0,1,2,0,4,6.1,12,home,22.866666666666667,alvarjo01,Jose Alvarado,2025-26
2025-12-14,NOP,CHI,"W, 114-104",,17:39,1,3,.333,1,3,.333,0,0,,.500,0,0,,0,2,2,2,1,1,0,0,3,5.0,-6,away,17.65,alvarjo01,Jose Alvarado,2025-26
2025-12-18,NOP,HOU,"W, 133-128 (OT)",,30:22,2,5,.400,1,3,.333,1,2,.500,.500,2,3,.667,1,2,3,6,1,0,0,3,7,9.2,3,home,30.366666666666667,alvarjo01,Jose Alvarado,2025-26
2025-12-20,NOP,IND,"W, 128-109",,21:59,1,5,.200,1,4,.250,0,1,.000,.300,0,0,,0,1,1,1,1,0,2,4,3,-1.7,11,home,21.98333333333333,alvarjo01,Jose Alvarado,2025-26
2025-12-22,NOP,DAL,"W, 119-113",,15:36,2,4,.500,2,4,.500,0,0,,.750,0,0,,1,1,2,3,1,0,1,0,6,7.1,-3,home,15.6,alvarjo01,Jose Alvarado,2025-26
2025-12-23,NOP,CLE,"L, 118-141",,25:24,2,4,.500,2,3,.667,0,1,.000,.750,0,0,,0,2,2,2,1,0,2,3,6,3.8,-18,away,25.4,alvarjo01,Jose Alvarado,2025-26
2025-12-26,NOP,PHO,"L, 108-115",,25:28,4,7,.571,1,4,.250,3,3,1.000,.643,2,2,1.000,0,2,2,2,0,0,0,3,11,8.5,15,home,25.466666666666665,alvarjo01,Jose Alvarado,2025-26
2025-12-27,NOP,PHO,"L, 114-123",,14:23,3,7,.429,1,3,.333,2,4,.500,.500,0,0,,0,0,0,3,2,0,0,3,7,6.2,3,home,14.383333333333333,alvarjo01,Jose Alvarado,2025-26
2025-12-31,NOP,CHI,"L, 118-134",Suspended,Suspended,Suspended,Suspended,Suspended,Suspended,Suspended,Suspended,Suspended,Suspended,Suspended,Suspended,Suspended,Suspended,Suspended,Suspended,Suspended,Suspended,Suspended,Suspended,Suspended,Suspended,Suspended,Suspended,Suspended,Suspended,away,,alvarjo01,Jose Alvarado,2025-26
2026-01-02,NOP,POR,"L, 109-122",,20:30,0,3,.000,0,3,.000,0,0,,.000,0,0,,0,3,3,4,0,0,2,2,0,-1.2,-13,home,20.5,alvarjo01,Jose Alvarado,2025-26
2026-01-04,NOP,MIA,"L, 106-125",,19:44,2,7,.286,2,6,.333,0,1,.000,.429,0,0,,0,6,6,3,1,0,3,1,6,3.4,4,away,19.73333333333333,alvarjo01,Jose Alvarado,2025-26
2026-01-06,NOP,LAL,"L, 103-111",,22:44,2,6,.333,1,5,.200,1,1,1.000,.417,0,0,,0,4,4,6,1,0,1,2,5,6.2,7,home,22.73333333333333,alvarjo01,Jose Alvarado,2025-26
2026-01-25,NOP,SAS,"W, 104-95",,13:15,2,5,.400,2,5,.400,0,0,,.600,0,0,,0,5,5,1,0,0,0,1,6,5.1,-12,away,13.25,alvarjo01,Jose Alvarado,2025-26
2026-01-27,NOP,OKC,"L, 95-104",,20:01,3,7,.429,2,6,.333,1,1,1.000,.571,0,0,,2,1,3,4,0,0,2,1,8,6.4,-10,away,20.016666666666666,alvarjo01,Jose Alvarado,2025-26
2026-01-30,NOP,MEM,"W, 114-106",,22:50,4,10,.400,3,8,.375,1,2,.500,.550,0,0,,0,1,1,2,1,0,0,1,11,7.9,5,home,22.83333333333333,alvarjo01,Jose Alvarado,2025-26
2026-01-31,NOP,PHI,"L, 114-124",,17:36,3,8,.375,3,8,.375,0,0,,.563,1,1,1.000,0,2,2,3,1,0,0,2,10,8.5,-10,away,17.6,alvarjo01,Jose Alvarado,2025-26
2026-02-02,NOP,CHO,"L, 95-102",,30:01,1,7,.143,1,6,.167,0,1,.000,.214,0,0,,0,0,0,3,0,0,0,3,3,-0.6,2,away,30.016666666666666,alvarjo01,Jose Alvarado,2025-26
2026-02-04,NOP,MIL,"L, 137-141 (OT)",,16:51,3,5,.600,3,5,.600,0,0,,.900,0,0,,1,4,5,1,0,0,0,0,9,9.3,-11,away,16.85,alvarjo01,Jose Alvarado,2025-26
2026-02-08,NYK,BOS,"W, 111-89",,25:04,5,12,.417,2,6,.333,3,6,.500,.500,0,0,,0,2,2,2,2,1,1,2,12,8.5,13,away,25.066666666666663,alvarjo01,Jose Alvarado,2025-26
2026-02-10,NYK,IND,"L, 134-137 (OT)",,18:13,1,5,.200,0,3,.000,1,2,.500,.200,2,3,.667,0,1,1,5,0,0,1,4,4,1.7,-6,home,18.216666666666665,alvarjo01,Jose Alvarado,2025-26
2026-02-11,NYK,PHI,"W, 138-89",,18:37,8,13,.615,8,13,.615,0,0,,.923,2,3,.667,0,3,3,4,5,0,2,3,26,25.2,35,away,18.616666666666667,alvarjo01,Jose Alvarado,2025-26
2026-02-19,NYK,DET,"L, 111-126",,20:31,3,8,.375,0,5,.000,3,3,1.000,.375,0,0,,2,2,4,5,1,0,2,3,6,4.9,-12,home,20.516666666666666,alvarjo01,Jose Alvarado,2025-26
2026-02-21,NYK,HOU,"W, 108-106",,19:51,3,9,.333,2,5,.400,1,4,.250,.444,0,0,,0,1,1,4,5,0,0,1,8,10.6,19,home,19.85,alvarjo01,Jose Alvarado,2025-26
2026-02-22,NYK,CHI,"W, 105-99",,25:08,2,8,.250,1,6,.167,1,2,.500,.313,0,0,,0,4,4,2,0,0,0,1,5,2.4,-9,away,25.133333333333333,alvarjo01,Jose Alvarado,2025-26
2026-02-24,NYK,CLE,"L, 94-109",,21:52,2,5,.400,1,4,.250,1,1,1.000,.500,0,0,,0,4,4,3,1,1,1,2,5,5.5,0,away,21.866666666666667,alvarjo01,Jose Alvarado,2025-26
2026-02-27,NYK,MIL,"W, 127-98",,12:59,3,5,.600,1,3,.333,2,2,1.000,.700,0,0,,1,3,4,5,0,0,1,0,7,8.8,14,away,12.983333333333333,alvarjo01,Jose Alvarado,2025-26
2026-03-01,NYK,SAS,"W, 114-89",,17:08,1,4,.250,0,2,.000,1,2,.500,.250,1,2,.500,1,2,3,5,1,0,0,1,3,5.6,20,home,17.133333333333333,alvarjo01,Jose Alvarado,2025-26
2026-03-03,NYK,TOR,"W, 111-95",,17:23,2,4,.500,0,2,.000,2,2,1.000,.500,0,0,,0,1,1,5,1,0,1,1,4,5.4,19,away,17.383333333333333,alvarjo01,Jose Alvarado,2025-26
2026-03-04,NYK,OKC,"L, 100-103",,11:39,1,4,.250,0,2,.000,1,2,.500,.250,1,2,.500,0,0,0,2,0,0,1,2,3,-0.2,-8,home,11.65,alvarjo01,Jose Alvarado,2025-26
2026-03-06,NYK,DEN,"W, 142-103",,11:21,1,3,.333,0,1,.000,1,2,.500,.333,2,2,1.000,0,1,1,3,0,0,0,1,4,4.3,13,away,11.35,alvarjo01,Jose Alvarado,2025-26
2026-03-08,NYK,LAL,"L, 97-110",,07:13,0,2,.000,0,1,.000,0,1,.000,.000,0,0,,0,0,0,1,0,0,1,0,0,-1.7,-6,away,7.216666666666667,alvarjo01,Jose Alvarado,2025-26
2026-03-09,NYK,LAC,"L, 118-126",,07:59,0,4,.000,0,2,.000,0,2,.000,.000,0,0,,0,1,1,3,0,0,0,1,0,-0.8,-8,away,7.983333333333333,alvarjo01,Jose Alvarado,2025-26
2026-03-11,NYK,UTA,"W, 134-117",,15:27,2,3,.667,0,1,.000,2,2,1.000,.667,0,0,,1,1,2,7,2,0,2,4,4,7.0,28,away,15.45,alvarjo01,Jose Alvarado,2025-26
2026-03-13,NYK,IND,"W, 101-92",,13:20,0,0,,0,0,,0,0,,,0,0,,0,0,0,2,0,0,1,2,0,-0.4,-2,away,13.333333333333334,alvarjo01,Jose Alvarado,2025-26
2026-03-15,NYK,GSW,"W, 110-107",,15:28,2,3,.667,0,0,,2,3,.667,.667,0,0,,0,1,1,4,0,0,0,1,4,5.4,-13,home,15.466666666666669,alvarjo01,Jose Alvarado,2025-26
2026-03-17,NYK,IND,"W, 136-110",*,26:39,5,10,.500,4,7,.571,1,3,.333,.700,2,2,1.000,0,2,2,10,2,0,1,0,16,19.6,21,home,26.65,alvarjo01,Jose Alvarado,2025-26
2026-03-20,NYK,BRK,"W, 93-92",,13:01,1,5,.200,0,2,.000,1,3,.333,.200,0,0,,0,1,1,2,1,0,2,2,2,-1.2,-11,away,13.016666666666667,alvarjo01,Jose Alvarado,2025-26
2026-03-22,NYK,WAS,"W, 145-113",,16:12,3,7,.429,2,4,.500,1,3,.333,.571,0,0,,0,2,2,8,1,0,0,1,8,11.1,2,home,16.2,alvarjo01,Jose Alvarado,2025-26
2026-03-24,NYK,NOP,"W, 121-116",,09:19,0,0,,0,0,,0,0,,,0,0,,1,0,1,1,0,0,1,2,0,-0.4,-11,home,9.316666666666666,alvarjo01,Jose Alvarado,2025-26
2026-03-26,NYK,CHO,"L, 103-114",,05:06,0,2,.000,0,0,,0,2,.000,.000,0,0,,0,0,0,0,0,0,2,1,0,-3.8,-4,away,5.1,alvarjo01,Jose Alvarado,2025-26
2026-03-29,NYK,OKC,"L, 100-111",,16:42,3,10,.300,2,4,.500,1,6,.167,.400,0,0,,1,2,3,4,0,0,4,3,8,1.1,6,away,16.7,alvarjo01,Jose Alvarado,2025-26
2026-03-31,NYK,HOU,"L, 94-111",,11:40,5,6,.833,2,2,1.000,3,4,.750,1.000,0,0,,0,1,1,2,0,0,0,2,12,10.7,9,away,11.666666666666666,alvarjo01,Jose Alvarado,2025-26
2026-04-01,NYK,MEM,"W, 130-119",*,31:59,6,12,.500,1,5,.200,5,7,.714,.542,2,2,1.000,1,3,4,4,2,1,3,4,15,11.5,0,away,31.98333333333333,alvarjo01,Jose Alvarado,2025-26
2026-04-03,NYK,CHI,"W, 136-96",,12:00,1,3,.333,0,2,.000,1,1,1.000,.333,0,0,,0,1,1,4,3,0,1,2,2,4.6,4,home,12.0,alvarjo01,Jose Alvarado,2025-26
2026-04-10,NYK,TOR,"W, 112-95",,18:07,4,6,.667,1,3,.333,3,3,1.000,.750,3,6,.500,0,5,5,2,0,0,1,1,12,9.7,14,home,18.116666666666667,alvarjo01,Jose Alvarado,2025-26
2026-04-12,NYK,CHO,"L, 96-110",*,33:50,6,16,.375,4,9,.444,2,7,.286,.500,0,0,,2,3,5,7,2,1,1,2,16,15.3,-19,home,33.833333333333336,alvarjo01,Jose Alvarado,2025-26
2025-10-22,MIL,WAS,"W, 133-120",,11:57,4,5,.800,1,2,.500,3,3,1.000,.900,0,0,,0,2,2,5,0,1,1,5,9,8.9,8,home,11.95,anthoco01,Cole Anthony,2025-26
2025-10-24,MIL,TOR,"W, 122-116",,26:40,9,14,.643,2,5,.400,7,9,.778,.714,3,7,.429,2,2,4,7,2,0,1,3,23,21.9,5,away,26.666666666666668,anthoco01,Cole Anthony,2025-26
2025-10-28,MIL,NYK,"W, 121-111",,24:23,2,7,.286,0,4,.000,2,3,.667,.286,0,0,,0,4,4,9,0,1,1,4,4,5.5,1,home,24.383333333333333,anthoco01,Cole Anthony,2025-26
2025-10-30,MIL,GSW,"W, 120-110",,21:12,7,15,.467,2,7,.286,5,8,.625,.533,0,0,,0,3,3,2,1,1,3,6,16,6.9,6,home,21.2,anthoco01,Cole Anthony,2025-26
2025-11-01,MIL,SAC,"L, 133-135",,13:08,1,4,.250,0,0,,1,4,.250,.250,1,2,.500,0,2,2,5,0,0,3,3,3,0.1,2,home,13.133333333333333,anthoco01,Cole Anthony,2025-26
2025-11-03,MIL,IND,"W, 117-115",,22:56,4,8,.500,3,4,.750,1,4,.250,.688,0,0,,1,3,4,4,1,0,3,3,11,8.2,4,away,22.933333333333334,anthoco01,Cole Anthony,2025-26
2025-11-04,MIL,TOR,"L, 100-128",,24:13,5,9,.556,0,2,.000,5,7,.714,.556,2,3,.667,1,3,4,4,1,1,0,3,12,12.2,-20,away,24.216666666666665,anthoco01,Cole Anthony,2025-26
2025-11-07,MIL,CHI,"W, 126-110",,22:15,5,14,.357,1,5,.200,4,9,.444,.393,0,0,,1,1,2,5,1,0,1,2,11,6.9,3,home,22.25,anthoco01,Cole Anthony,2025-26
2025-11-09,MIL,HOU,"L, 115-122",,17:53,5,9,.556,1,2,.500,4,7,.571,.611,1,1,1.000,0,5,5,6,0,1,4,1,12,9.7,8,home,17.883333333333333,anthoco01,Cole Anthony,2025-26
2025-11-10,MIL,DAL,"W, 116-114",,16:45,2,7,.286,0,0,,2,7,.286,.286,0,0,,1,4,5,3,1,0,4,0,4,0.9,-16,away,16.75,anthoco01,Cole Anthony,2025-26
2025-11-12,MIL,CHO,"L, 100-111",,15:00,2,12,.167,0,2,.000,2,10,.200,.167,0,0,,0,2,2,3,0,0,0,2,4,-1.7,-18,away,15.0,anthoco01,Cole Anthony,2025-26
2025-11-14,MIL,CHO,"W, 147-134 (OT)",,18:30,4,7,.571,1,3,.333,3,4,.750,.643,1,2,.500,1,2,3,5,1,0,4,3,10,6.9,-13,home,18.5,anthoco01,Cole Anthony,2025-26
2025-11-15,MIL,LAL,"L, 95-119",,17:41,0,5,.000,0,1,.000,0,4,.000,.000,0,0,,1,4,5,7,2,0,2,2,0,2.5,0,home,17.683333333333334,anthoco01,Cole Anthony,2025-26
2025-11-17,MIL,CLE,"L, 106-118",,21:30,2,8,.250,0,0,,2,8,.250,.250,0,0,,0,1,1,8,0,0,2,2,4,2.3,-11,away,21.5,anthoco01,Cole Anthony,2025-26
2025-11-20,MIL,PHI,"L, 114-123 (OT)",,20:45,2,7,.286,1,2,.500,1,5,.200,.357,0,0,,0,4,4,7,0,0,4,2,5,2.2,-6,home,20.75,anthoco01,Cole Anthony,2025-26
2025-11-22,MIL,DET,"L, 116-129",,14:13,2,5,.400,0,2,.000,2,3,.667,.400,0,0,,0,3,3,2,1,1,5,0,4,0.3,10,home,14.216666666666669,anthoco01,Cole Anthony,2025-26
2025-11-24,MIL,POR,"L, 103-115",,17:41,8,12,.667,0,4,.000,8,8,1.000,.667,0,0,,0,2,2,2,2,1,3,2,16,11.7,-15,home,17.683333333333334,anthoco01,Cole Anthony,2025-26
2025-11-26,MIL,MIA,"L, 103-106",,11:08,0,7,.000,0,2,.000,0,5,.000,.000,2,2,1.000,2,2,4,3,0,0,2,1,2,-1.2,-10,away,11.133333333333333,anthoco01,Cole Anthony,2025-26
2025-11-28,MIL,NYK,"L, 109-118",,06:59,3,3,1.000,0,0,,3,3,1.000,1.000,1,3,.333,0,0,0,2,1,0,1,3,7,5.5,-9,away,6.983333333333333,anthoco01,Cole Anthony,2025-26
2025-11-29,MIL,BRK,"W, 116-99",,04:55,1,2,.500,0,0,,1,2,.500,.500,0,0,,0,0,0,1,1,0,0,1,2,2.3,-4,home,4.916666666666667,anthoco01,Cole Anthony,2025-26
2025-12-01,MIL,WAS,"L, 126-129",,04:54,0,0,,0,0,,0,0,,,0,0,,0,0,0,0,0,0,0,0,0,0.0,0,away,4.9,anthoco01,Cole Anthony,2025-26
2025-12-05,MIL,PHI,"L, 101-116",,00:50,0,0,,0,0,,0,0,,,0,0,,0,0,0,1,0,0,0,0,0,0.7,2,home,0.8333333333333334,anthoco01,Cole Anthony,2025-26
2025-12-06,MIL,DET,"L, 112-124",,04:46,1,2,.500,1,1,1.000,0,1,.000,.750,0,0,,0,2,2,2,0,0,0,0,3,4.0,13,away,4.766666666666667,anthoco01,Cole Anthony,2025-26
2025-12-11,MIL,BOS,"W, 116-101",,18:54,4,6,.667,1,1,1.000,3,5,.600,.750,0,0,,0,3,3,5,1,1,2,5,9,8.5,9,home,18.9,anthoco01,Cole Anthony,2025-26
2025-12-14,MIL,BRK,"L, 82-127",,20:11,0,4,.000,0,2,.000,0,2,.000,.000,2,2,1.000,0,4,4,1,1,0,4,4,2,-3.5,-27,away,20.183333333333334,anthoco01,Cole Anthony,2025-26
2025-12-23,MIL,IND,"W, 111-94",,01:14,1,1,1.000,1,1,1.000,0,0,,1.500,0,0,,0,0,0,0,0,0,0,0,3,2.7,2,away,1.2333333333333334,anthoco01,Cole Anthony,2025-26
2025-12-26,MIL,MEM,"L, 104-125",,03:26,0,0,,0,0,,0,0,,,0,0,,1,0,1,0,0,0,1,0,0,-0.3,-2,away,3.4333333333333336,anthoco01,Cole Anthony,2025-26
2026-01-13,MIL,MIN,"L, 106-139",,09:11,2,5,.400,0,2,.000,2,3,.667,.400,0,0,,1,1,2,3,1,0,1,1,4,4.0,1,home,9.183333333333334,anthoco01,Cole Anthony,2025-26
2026-01-15,MIL,SAS,"L, 101-119",,13:55,3,6,.500,1,1,1.000,2,5,.400,.583,0,0,,0,3,3,1,0,1,2,0,7,4.3,15,away,13.916666666666666,anthoco01,Cole Anthony,2025-26
2026-01-21,MIL,OKC,"L, 102-122",,24:15,7,9,.778,3,4,.750,4,5,.800,.944,0,0,,1,2,3,3,0,0,5,4,17,10.3,-7,home,24.25,anthoco01,Cole Anthony,2025-26
2026-01-23,MIL,DEN,"L, 100-102",,16:23,4,8,.500,1,3,.333,3,5,.600,.563,0,0,,0,2,2,5,1,1,1,3,9,8.6,-12,home,16.383333333333333,anthoco01,Cole Anthony,2025-26
2026-01-27,MIL,PHI,"L, 122-139",,14:13,3,8,.375,1,2,.500,2,6,.333,.438,3,4,.750,0,1,1,1,0,0,2,2,10,3.4,-17,away,14.216666666666669,anthoco01,Cole Anthony,2025-26
2026-01-29,MIL,WAS,"L, 99-109",,17:36,2,11,.182,1,6,.167,1,5,.200,.227,0,0,,0,2,2,1,1,0,1,3,5,-1.8,-9,away,17.6,anthoco01,Cole Anthony,2025-26
2026-02-01,MIL,BOS,"L, 79-107",,14:51,1,7,.143,0,2,.000,1,5,.200,.143,0,0,,2,0,2,3,0,0,0,2,2,0.2,-16,away,14.85,anthoco01,Cole Anthony,2025-26
2026-02-03,MIL,CHI,"W, 131-115",,12:14,2,4,.500,0,0,,2,4,.500,.500,0,0,,1,2,3,5,0,1,2,1,4,5.1,12,home,12.233333333333333,anthoco01,Cole Anthony,2025-26
2025-10-31,UTA,PHO,"L, 96-118",,25:18,3,6,.500,0,0,,3,6,.500,.500,2,3,.667,1,2,3,3,0,0,1,2,8,6.2,-5,away,25.3,anderky01,Kyle Anderson,2025-26
2025-11-02,UTA,CHO,"L, 103-126",,11:34,2,4,.500,0,0,,2,4,.500,.500,1,2,.500,0,0,0,2,1,0,1,2,5,3.2,4,away,11.566666666666666,anderky01,Kyle Anderson,2025-26
2025-11-07,UTA,MIN,"L, 97-137",,12:00,3,7,.429,0,0,,3,7,.429,.429,2,2,1.000,2,2,4,4,0,0,1,2,8,7.3,-3,away,12.0,anderky01,Kyle Anderson,2025-26
2025-11-18,UTA,LAL,"L, 126-140",,20:02,2,5,.400,0,0,,2,5,.400,.400,1,2,.500,1,2,3,5,2,0,0,2,5,7.9,3,away,20.03333333333333,anderky01,Kyle Anderson,2025-26
2025-11-24,UTA,GSW,"L, 117-134",,23:36,6,7,.857,0,0,,6,7,.857,.857,0,0,,1,5,6,6,1,1,2,4,12,14.0,-1,away,23.6,anderky01,Kyle Anderson,2025-26
2025-11-30,UTA,HOU,"L, 101-129",,24:34,3,7,.429,1,1,1.000,2,6,.333,.500,0,0,,0,0,0,3,3,1,1,5,7,6.1,-16,home,24.566666666666663,anderky01,Kyle Anderson,2025-26
2025-12-04,UTA,BRK,"W, 123-110",,16:57,3,5,.600,0,0,,3,5,.600,.600,2,2,1.000,2,3,5,3,4,1,1,2,8,13.0,-8,away,16.95,anderky01,Kyle Anderson,2025-26
2025-12-05,UTA,NYK,"L, 112-146",,12:00,2,4,.500,0,0,,2,4,.500,.500,3,4,.750,0,1,1,0,1,0,0,0,7,5.9,4,away,12.0,anderky01,Kyle Anderson,2025-26
2025-12-15,UTA,DAL,"W, 140-133 (OT)",,15:27,0,4,.000,0,0,,0,4,.000,.000,0,0,,0,1,1,2,1,0,2,4,0,-3.7,-20,home,15.45,anderky01,Kyle Anderson,2025-26
2026-01-01,UTA,LAC,"L, 101-118",,31:40,8,10,.800,0,0,,8,10,.800,.800,6,7,.857,3,5,8,1,2,2,2,3,22,22.3,7,away,31.666666666666668,anderky01,Kyle Anderson,2025-26
2026-01-08,UTA,DAL,"W, 116-114",,26:06,1,5,.200,0,0,,1,5,.200,.200,0,0,,1,6,7,2,2,0,0,1,2,4.4,-4,home,26.1,anderky01,Kyle Anderson,2025-26
2026-01-10,UTA,CHO,"L, 95-150",,21:26,3,10,.300,0,1,.000,3,9,.333,.300,1,2,.500,2,2,4,2,1,0,1,0,7,4.2,-20,home,21.433333333333334,anderky01,Kyle Anderson,2025-26
2026-01-14,UTA,CHI,"L, 126-128",,17:12,3,4,.750,0,0,,3,4,.750,.750,1,1,1.000,1,4,5,3,0,0,0,3,7,8.2,6,away,17.2,anderky01,Kyle Anderson,2025-26
2026-01-15,UTA,DAL,"L, 122-144",,26:08,5,7,.714,1,1,1.000,4,6,.667,.786,1,6,.167,1,5,6,6,1,1,1,1,12,13.8,-9,away,26.133333333333333,anderky01,Kyle Anderson,2025-26
2026-01-17,UTA,DAL,"L, 120-138",,18:44,4,6,.667,0,0,,4,6,.667,.667,0,2,.000,1,1,2,2,0,1,2,4,8,4.1,-1,away,18.73333333333333,anderky01,Kyle Anderson,2025-26
2026-01-20,UTA,MIN,"W, 127-122",,17:14,1,3,.333,0,1,.000,1,2,.500,.333,0,0,,0,1,1,2,1,1,0,1,2,3.3,-3,home,17.233333333333334,anderky01,Kyle Anderson,2025-26
2026-01-24,UTA,MIA,"L, 116-147",,15:04,1,2,.500,0,0,,1,2,.500,.500,0,0,,0,1,1,0,1,1,1,2,2,1.2,1,home,15.066666666666666,anderky01,Kyle Anderson,2025-26
2026-01-27,UTA,LAC,"L, 103-115",,24:50,4,6,.667,1,1,1.000,3,5,.600,.750,3,3,1.000,0,3,3,5,1,0,0,1,12,14.4,7,home,24.83333333333333,anderky01,Kyle Anderson,2025-26
2026-01-28,UTA,GSW,"L, 124-140",,21:53,2,5,.400,0,0,,2,5,.400,.400,2,2,1.000,3,2,5,6,0,1,1,3,6,8.7,3,home,21.883333333333333,anderky01,Kyle Anderson,2025-26
2026-01-30,UTA,BRK,"L, 99-109",,19:31,1,2,.500,0,0,,1,2,.500,.500,0,0,,0,1,1,4,1,0,0,4,2,3.5,-16,home,19.516666666666666,anderky01,Kyle Anderson,2025-26
2026-02-07,MEM,POR,"L, 115-122",*,26:42,5,6,.833,0,0,,5,6,.833,.833,1,3,.333,1,5,6,2,2,2,1,3,11,12.8,-6,away,26.7,anderky01,Kyle Anderson,2025-26
2026-02-09,MEM,GSW,"L, 113-114",*,25:58,3,4,.750,0,0,,3,4,.750,.750,2,2,1.000,0,4,4,0,2,2,5,2,8,5.2,-3,away,25.966666666666665,anderky01,Kyle Anderson,2025-26
2026-02-11,MEM,DEN,"L, 116-122",*,18:29,4,5,.800,0,0,,4,5,.800,.800,0,0,,2,1,3,1,1,0,0,6,8,7.1,3,away,18.48333333333333,anderky01,Kyle Anderson,2025-26
2026-02-20,MEM,UTA,"W, 123-114",,18:04,3,4,.750,1,1,1.000,2,3,.667,.875,3,3,1.000,0,1,1,0,1,0,1,1,10,8.3,2,home,18.066666666666663,anderky01,Kyle Anderson,2025-26
2026-03-03,MIN,MEM,"W, 117-110",,13:45,0,0,,0,0,,0,0,,,2,2,1.000,0,1,1,0,0,0,0,2,2,1.5,-5,home,13.75,anderky01,Kyle Anderson,2025-26
2026-03-05,MIN,TOR,"W, 115-107",,15:09,2,4,.500,0,0,,2,4,.500,.500,0,0,,0,3,3,4,0,0,0,3,4,4.5,-11,home,15.15,anderky01,Kyle Anderson,2025-26
2026-03-10,MIN,LAL,"L, 106-120",,14:32,2,2,1.000,0,0,,2,2,1.000,1.000,1,2,.500,1,5,6,3,0,1,0,3,5,7.8,-6,away,14.533333333333331,anderky01,Kyle Anderson,2025-26
2026-03-11,MIN,LAC,"L, 128-153",,17:32,1,1,1.000,0,0,,1,1,1.000,1.000,3,4,.750,0,1,1,3,1,0,1,5,5,4.7,-2,away,17.533333333333335,anderky01,Kyle Anderson,2025-26
2026-03-13,MIN,GSW,"W, 127-117",,14:41,0,2,.000,0,0,,0,2,.000,.000,0,0,,0,5,5,2,0,1,2,2,0,-0.6,-5,away,14.683333333333334,anderky01,Kyle Anderson,2025-26
2026-03-15,MIN,OKC,"L, 103-116",,12:09,0,1,.000,0,0,,0,1,.000,.000,0,0,,2,3,5,0,1,0,2,0,0,0.6,-2,away,12.15,anderky01,Kyle Anderson,2025-26
2026-03-17,MIN,PHO,"W, 116-104",,24:32,3,4,.750,0,1,.000,3,3,1.000,.750,1,2,.500,0,5,5,6,0,1,1,0,7,10.4,12,home,24.53333333333333,anderky01,Kyle Anderson,2025-26
2026-03-18,MIN,UTA,"W, 147-111",,22:16,3,6,.500,0,1,.000,3,5,.600,.500,2,2,1.000,0,3,3,6,1,0,2,3,8,7.9,19,home,22.266666666666666,anderky01,Kyle Anderson,2025-26
2026-03-20,MIN,POR,"L, 104-108",,18:02,1,6,.167,0,1,.000,1,5,.200,.167,2,2,1.000,1,1,2,2,0,1,0,2,4,2.5,7,home,18.03333333333333,anderky01,Kyle Anderson,2025-26
2026-03-22,MIN,BOS,"W, 102-92",,15:59,3,5,.600,0,0,,3,5,.600,.600,0,0,,4,0,4,3,1,0,1,2,6,7.8,12,away,15.983333333333333,anderky01,Kyle Anderson,2025-26
2026-03-25,MIN,HOU,"W, 110-108 (OT)",,30:01,1,6,.167,0,0,,1,6,.167,.167,1,1,1.000,3,2,5,3,1,1,1,1,3,4.3,4,home,30.016666666666666,anderky01,Kyle Anderson,2025-26
2026-03-28,MIN,DET,"L, 87-109",,15:54,1,2,.500,0,0,,1,2,.500,.500,0,0,,0,2,2,1,2,0,1,0,2,3.3,-9,home,15.9,anderky01,Kyle Anderson,2025-26
2026-03-30,MIN,DAL,"W, 124-94",,18:09,0,2,.000,0,0,,0,2,.000,.000,0,0,,0,3,3,4,1,1,1,4,0,1.4,4,away,18.15,anderky01,Kyle Anderson,2025-26
2026-04-02,MIN,DET,"L, 108-113",,25:32,1,2,.500,0,0,,1,2,.500,.500,0,0,,2,5,7,2,2,3,2,0,2,7.4,-3,away,25.53333333333333,anderky01,Kyle Anderson,2025-26
2026-04-03,MIN,PHI,"L, 103-115",,14:16,3,6,.500,0,1,.000,3,5,.600,.500,0,0,,1,0,1,5,0,0,0,4,6,5.6,0,away,14.266666666666667,anderky01,Kyle Anderson,2025-26
2026-04-05,MIN,CHO,"L, 108-122",,16:59,1,3,.333,0,0,,1,3,.333,.333,0,0,,0,1,1,3,1,0,0,1,2,3.3,-11,home,16.983333333333334,anderky01,Kyle Anderson,2025-26
2026-04-07,MIN,IND,"W, 124-104",,16:27,3,5,.600,0,0,,3,5,.600,.600,0,0,,0,3,3,4,1,1,0,1,6,8.7,10,away,16.45,anderky01,Kyle Anderson,2025-26
2026-04-08,MIN,ORL,"L, 120-132",*,23:52,3,5,.600,0,1,.000,3,4,.750,.600,2,2,1.000,3,4,7,2,2,2,1,2,8,12.0,-25,away,23.866666666666667,anderky01,Kyle Anderson,2025-26
2026-04-10,MIN,HOU,"W, 136-132",*,32:56,7,12,.583,0,0,,7,12,.583,.583,3,5,.600,3,3,6,9,2,0,0,3,17,20.7,5,away,32.93333333333333,anderky01,Kyle Anderson,2025-26
2025-10-21,HOU,OKC,"L, 124-125 (2OT)",*,36:30,1,4,.250,0,0,,1,4,.250,.250,2,2,1.000,5,8,13,3,0,0,3,4,4,5.0,2,away,36.5,adamsst01,Steven Adams,2025-26
2025-10-24,HOU,DET,"L, 111-115",*,25:14,4,4,1.000,0,0,,4,4,1.000,1.000,3,4,.750,6,4,10,0,3,0,1,2,11,16.0,-4,home,25.23333333333333,adamsst01,Steven Adams,2025-26
2025-10-27,HOU,BRK,"W, 137-109",,16:04,0,1,.000,0,0,,0,1,.000,.000,4,4,1.000,5,3,8,1,0,1,1,1,4,7.7,20,home,16.066666666666666,adamsst01,Steven Adams,2025-26
2025-10-29,HOU,TOR,"W, 139-121",,19:42,5,6,.833,0,0,,5,6,.833,.833,2,2,1.000,8,4,12,2,1,1,1,3,12,17.5,14,away,19.7,adamsst01,Steven Adams,2025-26
2025-11-01,HOU,BOS,"W, 128-101",,14:27,2,3,.667,0,0,,2,3,.667,.667,0,0,,3,2,5,3,0,0,1,1,4,6.1,13,away,14.45,adamsst01,Steven Adams,2025-26
2025-11-03,HOU,DAL,"W, 110-102",,23:08,2,3,.667,0,0,,2,3,.667,.667,0,2,.000,3,6,9,1,2,2,1,3,4,7.7,6,home,23.133333333333333,adamsst01,Steven Adams,2025-26
2025-11-07,HOU,SAS,"L, 110-121",,20:05,1,4,.250,0,0,,1,4,.250,.250,1,1,1.000,3,5,8,1,1,0,0,2,3,5.1,-7,away,20.08333333333333,adamsst01,Steven Adams,2025-26
2025-11-09,HOU,MIL,"W, 122-115",,22:18,5,7,.714,0,0,,5,7,.714,.714,2,2,1.000,5,1,6,1,0,0,1,2,12,11.8,-3,away,22.3,adamsst01,Steven Adams,2025-26
2025-11-12,HOU,WAS,"W, 135-112",,16:53,2,5,.400,0,0,,2,5,.400,.400,1,2,.500,5,3,8,4,0,2,1,2,5,8.7,21,home,16.883333333333333,adamsst01,Steven Adams,2025-26
2025-11-14,HOU,POR,"W, 140-116",,17:31,2,4,.500,0,0,,2,4,.500,.500,1,2,.500,5,6,11,0,1,2,0,1,5,9.9,22,home,17.516666666666666,adamsst01,Steven Adams,2025-26
2025-11-16,HOU,ORL,"W, 117-113 (OT)",,27:15,1,8,.125,0,0,,1,8,.125,.125,1,2,.500,8,5,13,0,0,0,2,3,3,1.3,-2,home,27.25,adamsst01,Steven Adams,2025-26
2025-11-19,HOU,CLE,"W, 114-104",*,27:59,2,6,.333,0,0,,2,6,.333,.333,2,2,1.000,6,5,11,3,0,1,2,2,6,8.3,6,away,27.98333333333333,adamsst01,Steven Adams,2025-26
2025-11-21,HOU,DEN,"L, 109-112",*,23:07,2,2,1.000,0,0,,2,2,1.000,1.000,1,3,.333,5,3,8,2,0,0,1,1,5,8.0,14,home,23.116666666666667,adamsst01,Steven Adams,2025-26
2025-11-24,HOU,PHO,"W, 114-92",,16:29,2,4,.500,0,0,,2,4,.500,.500,2,2,1.000,3,4,7,0,1,0,0,2,6,7.5,6,away,16.483333333333334,adamsst01,Steven Adams,2025-26
2025-11-30,HOU,UTA,"W, 129-101",,16:58,2,4,.500,0,0,,2,4,.500,.500,9,10,.900,4,8,12,2,1,1,0,0,13,18.9,24,away,16.966666666666665,adamsst01,Steven Adams,2025-26
2025-12-03,HOU,SAC,"W, 121-95",,17:50,5,6,.833,0,0,,5,6,.833,.833,1,2,.500,5,3,8,0,0,2,3,0,11,11.2,7,home,17.833333333333332,adamsst01,Steven Adams,2025-26
2025-12-05,HOU,PHO,"W, 117-98",*,29:52,2,4,.500,0,0,,2,4,.500,.500,0,0,,3,5,8,3,2,1,1,5,4,7.4,18,home,29.866666666666667,adamsst01,Steven Adams,2025-26
2025-12-11,HOU,LAC,"W, 115-113",,17:55,2,4,.500,0,0,,2,4,.500,.500,0,0,,3,3,6,2,2,0,1,0,4,7.4,10,home,17.916666666666668,adamsst01,Steven Adams,2025-26
2025-12-15,HOU,DEN,"L, 125-128 (OT)",,15:30,1,1,1.000,0,0,,1,1,1.000,1.000,1,2,.500,0,0,0,0,0,0,1,3,3,0.1,-8,away,15.5,adamsst01,Steven Adams,2025-26
2025-12-18,HOU,NOP,"L, 128-133 (OT)",,27:49,2,10,.200,0,0,,2,10,.200,.200,2,5,.400,6,4,10,3,1,1,1,3,6,5.6,3,away,27.816666666666663,adamsst01,Steven Adams,2025-26
2025-12-20,HOU,DEN,"W, 115-101",,25:14,0,4,.000,0,0,,0,4,.000,.000,1,2,.500,5,7,12,0,0,0,0,1,1,3.0,-10,away,25.23333333333333,adamsst01,Steven Adams,2025-26
2025-12-23,HOU,LAC,"L, 108-128",,14:00,1,3,.333,0,0,,1,3,.333,.333,0,0,,1,3,4,1,0,0,1,1,2,1.2,-5,away,14.0,adamsst01,Steven Adams,2025-26
2025-12-25,HOU,LAL,"W, 119-96",,25:33,2,3,.667,0,0,,2,3,.667,.667,0,0,,4,5,9,2,0,0,1,0,4,7.4,-4,away,25.55,adamsst01,Steven Adams,2025-26
2025-12-27,HOU,CLE,"W, 117-100",*,22:10,3,6,.500,0,0,,3,6,.500,.500,3,6,.500,5,3,8,1,2,0,3,0,9,8.9,26,home,22.166666666666668,adamsst01,Steven Adams,2025-26
2025-12-29,HOU,IND,"W, 126-119",*,22:17,3,4,.750,0,0,,3,4,.750,.750,2,6,.333,3,2,5,0,0,0,0,2,8,6.7,17,home,22.28333333333333,adamsst01,Steven Adams,2025-26
2026-01-05,HOU,PHO,"W, 100-97",*,31:19,4,7,.571,0,0,,4,7,.571,.571,0,4,.000,6,5,11,2,1,0,2,1,8,8.8,7,home,31.316666666666663,adamsst01,Steven Adams,2025-26
2026-01-07,HOU,POR,"L, 102-103",*,30:08,3,6,.500,0,0,,3,6,.500,.500,1,2,.500,6,5,11,4,2,2,2,3,7,12.3,3,away,30.133333333333333,adamsst01,Steven Adams,2025-26
2026-01-09,HOU,POR,"L, 105-111",*,32:42,2,2,1.000,0,0,,2,2,1.000,1.000,1,4,.250,6,3,9,3,0,1,1,2,5,9.3,-14,away,32.7,adamsst01,Steven Adams,2025-26
2026-01-11,HOU,SAC,"L, 98-111",,23:46,0,0,,0,0,,0,0,,,3,4,.750,4,2,6,1,0,1,2,2,3,4.6,0,away,23.766666666666666,adamsst01,Steven Adams,2025-26
2026-01-13,HOU,CHI,"W, 119-113",,18:12,2,5,.400,0,0,,2,5,.400,.400,0,2,.000,3,4,7,1,2,0,0,2,4,5.7,9,home,18.2,adamsst01,Steven Adams,2025-26
2026-01-15,HOU,OKC,"L, 91-111",,25:01,3,6,.500,0,0,,3,6,.500,.500,0,0,,6,5,11,0,0,2,0,0,6,10.1,-7,home,25.016666666666666,adamsst01,Steven Adams,2025-26
2026-01-18,HOU,NOP,"W, 119-110",*,27:25,2,3,.667,0,0,,2,3,.667,.667,1,2,.500,5,5,10,2,0,0,1,1,5,8.3,10,home,27.416666666666668,adamsst01,Steven Adams,2025-26
2025-11-30,NOP,LAL,"L, 121-133",,21:09,3,4,.750,1,1,1.000,2,3,.667,.875,0,0,,0,2,2,3,0,1,1,2,7,7.0,-2,away,21.15,alexatr01,Trey Alexander,2025-26
2025-12-02,NOP,MIN,"L, 142-149 (OT)",,11:43,3,3,1.000,1,1,1.000,2,2,1.000,1.167,0,0,,0,2,2,1,1,0,0,1,7,8.0,8,home,11.716666666666669,alexatr01,Trey Alexander,2025-26
2025-12-04,NOP,MIN,"L, 116-125",,04:33,0,2,.000,0,1,.000,0,1,.000,.000,0,0,,0,0,0,0,0,0,0,1,0,-1.8,-2,home,4.55,alexatr01,Trey Alexander,2025-26
2026-01-04,NOP,MIA,"L, 106-125",,02:24,0,0,,0,0,,0,0,,,0,0,,0,0,0,1,0,0,0,0,0,0.7,-3,away,2.4,alexatr01,Trey Alexander,2025-26
2026-01-09,NOP,WAS,"W, 128-107",,01:49,0,0,,0,0,,0,0,,,0,0,,0,0,0,0,0,0,0,0,0,0.0,-1,away,1.8166666666666669,alexatr01,Trey Alexander,2025-26
2026-04-05,NOP,ORL,"L, 108-112",,11:16,2,4,.500,1,1,1.000,1,3,.333,.625,0,0,,0,2,2,0,1,0,1,2,5,2.8,-4,home,11.266666666666667,alexatr01,Trey Alexander,2025-26
2026-04-07,NOP,UTA,"W, 156-137",,11:06,0,3,.000,0,0,,0,3,.000,.000,2,2,1.000,0,2,2,2,1,0,0,1,2,2.5,-12,home,11.1,alexatr01,Trey Alexander,2025-26
2026-04-10,NOP,BOS,"L, 118-144",,14:34,4,10,.400,2,4,.500,2,6,.333,.500,0,0,,0,2,2,1,0,0,0,3,10,4.7,2,away,14.566666666666666,alexatr01,Trey Alexander,2025-26
2026-04-12,NOP,MIN,"L, 126-132",,32:05,7,11,.636,1,4,.250,6,7,.857,.682,1,3,.333,1,0,1,1,3,1,1,3,16,13.2,-4,away,32.083333333333336,alexatr01,Trey Alexander,2025-26
2025-10-22,TOR,ATL,"W, 138-118",,19:57,2,5,.400,0,3,.000,2,2,1.000,.400,0,0,,1,2,3,1,2,0,0,3,4,4.1,15,away,19.95,agbajoc01,Ochai Agbaji,2025-26
2025-10-24,TOR,MIL,"L, 116-122",,11:39,1,1,1.000,0,0,,1,1,1.000,1.000,1,2,.500,0,1,1,1,0,0,1,3,3,1.1,-2,home,11.65,agbajoc01,Ochai Agbaji,2025-26
2025-10-26,TOR,DAL,"L, 129-139",,21:58,1,5,.200,1,4,.250,0,1,.000,.300,2,2,1.000,0,3,3,0,1,0,0,2,5,3.0,-10,away,21.966666666666665,agbajoc01,Ochai Agbaji,2025-26
2025-10-27,TOR,SAS,"L, 103-121",,12:19,2,4,.500,0,0,,2,4,.500,.500,0,0,,0,1,1,2,1,0,0,0,4,4.7,5,away,12.316666666666666,agbajoc01,Ochai Agbaji,2025-26
2025-10-29,TOR,HOU,"L, 121-139",,06:47,0,1,.000,0,1,.000,0,0,,.000,1,2,.500,0,0,0,0,0,0,0,1,1,-0.5,-9,home,6.783333333333333,agbajoc01,Ochai Agbaji,2025-26
2025-10-31,TOR,CLE,"W, 112-101",,16:50,1,3,.333,0,1,.000,1,2,.500,.333,1,2,.500,1,6,7,2,1,1,1,3,3,4.3,21,away,16.833333333333332,agbajoc01,Ochai Agbaji,2025-26
2025-11-02,TOR,MEM,"W, 117-104",,16:02,2,4,.500,0,2,.000,2,2,1.000,.500,0,0,,0,2,2,0,0,0,1,2,4,0.8,-1,home,16.033333333333335,agbajoc01,Ochai Agbaji,2025-26
2025-11-04,TOR,MIL,"W, 128-100",,04:31,0,1,.000,0,0,,0,1,.000,.000,0,0,,0,0,0,0,0,0,0,0,0,-0.7,0,home,4.516666666666667,agbajoc01,Ochai Agbaji,2025-26
2025-11-08,TOR,PHI,"L, 120-130",*,15:04,0,1,.000,0,1,.000,0,0,,.000,0,0,,0,2,2,0,0,0,0,2,0,-0.9,-3,away,15.066666666666666,agbajoc01,Ochai Agbaji,2025-26
2025-11-21,TOR,WAS,"W, 140-110",,15:58,1,3,.333,0,1,.000,1,2,.500,.333,2,2,1.000,0,1,1,0,0,0,0,1,4,2.2,7,home,15.966666666666669,agbajoc01,Ochai Agbaji,2025-26
2025-11-23,TOR,BRK,"W, 119-109",,13:39,3,7,.429,0,1,.000,3,6,.500,.429,0,0,,1,1,2,2,0,0,0,3,6,3.5,-3,home,13.65,agbajoc01,Ochai Agbaji,2025-26
2025-11-24,TOR,CLE,"W, 110-99",,10:45,2,3,.667,0,1,.000,2,2,1.000,.667,0,0,,0,0,0,0,0,0,0,0,4,2.7,-7,home,10.75,agbajoc01,Ochai Agbaji,2025-26
2025-11-26,TOR,IND,"W, 97-95",,05:29,0,2,.000,0,1,.000,0,1,.000,.000,0,0,,0,0,0,0,0,0,1,2,0,-3.2,-4,home,5.483333333333333,agbajoc01,Ochai Agbaji,2025-26
2025-11-29,TOR,CHO,"L, 111-118 (OT)",,16:03,1,5,.200,0,1,.000,1,4,.250,.200,0,0,,0,1,1,1,0,1,0,2,2,-0.2,4,away,16.05,agbajoc01,Ochai Agbaji,2025-26
2025-11-30,TOR,NYK,"L, 94-116",,16:51,3,4,.750,0,0,,3,4,.750,.750,0,0,,2,3,5,1,1,0,1,2,6,6.6,3,away,16.85,agbajoc01,Ochai Agbaji,2025-26
2025-12-02,TOR,POR,"W, 121-118",,11:50,1,5,.200,0,2,.000,1,3,.333,.200,0,0,,1,1,2,2,1,0,0,1,2,1.9,-6,home,11.833333333333334,agbajoc01,Ochai Agbaji,2025-26
2025-12-07,TOR,BOS,"L, 113-121",,22:14,4,7,.571,1,1,1.000,3,6,.500,.643,2,2,1.000,2,1,3,0,0,2,0,3,11,9.6,7,home,22.23333333333333,agbajoc01,Ochai Agbaji,2025-26
2025-12-09,TOR,NYK,"L, 101-117",*,25:38,1,4,.250,0,1,.000,1,3,.333,.250,1,1,1.000,1,3,4,1,1,1,0,4,3,3.0,-7,home,25.633333333333333,agbajoc01,Ochai Agbaji,2025-26
2025-12-15,TOR,MIA,"W, 106-96",*,21:42,2,4,.500,1,2,.500,1,2,.500,.625,0,0,,1,3,4,2,1,0,0,2,5,6.2,-7,away,21.7,agbajoc01,Ochai Agbaji,2025-26
2025-12-18,TOR,MIL,"W, 111-105",*,20:28,4,7,.571,2,3,.667,2,4,.500,.714,0,0,,0,2,2,1,1,0,0,3,10,7.8,5,away,20.466666666666665,agbajoc01,Ochai Agbaji,2025-26
2025-12-20,TOR,BOS,"L, 96-112",*,27:08,1,5,.200,0,3,.000,1,2,.500,.200,4,4,1.000,0,3,3,1,0,0,0,1,6,4.1,8,home,27.133333333333333,agbajoc01,Ochai Agbaji,2025-26
2025-12-21,TOR,BRK,"L, 81-96",*,20:47,3,6,.500,1,2,.500,2,4,.500,.583,0,0,,1,0,1,0,1,0,1,4,7,3.1,-12,away,20.78333333333333,agbajoc01,Ochai Agbaji,2025-26
2025-12-23,TOR,MIA,"W, 112-91",*,21:11,2,6,.333,1,3,.333,1,3,.333,.417,0,0,,1,4,5,1,0,1,1,1,5,3.5,12,away,21.183333333333334,agbajoc01,Ochai Agbaji,2025-26
2025-12-26,TOR,WAS,"L, 117-138",*,25:39,4,9,.444,0,3,.000,4,6,.667,.444,0,0,,0,3,3,0,2,0,1,3,8,4.0,-10,away,25.65,agbajoc01,Ochai Agbaji,2025-26
2025-12-28,TOR,GSW,"W, 141-127 (OT)",*,19:56,4,6,.667,0,1,.000,4,5,.800,.667,2,2,1.000,3,1,4,1,0,0,0,5,10,8.5,-20,home,19.933333333333334,agbajoc01,Ochai Agbaji,2025-26
2025-12-29,TOR,ORL,"W, 107-106",*,20:07,4,8,.500,0,1,.000,4,7,.571,.500,2,2,1.000,3,1,4,3,0,0,0,0,10,10.5,7,home,20.116666666666667,agbajoc01,Ochai Agbaji,2025-26
2025-12-31,TOR,DEN,"L, 103-106",*,11:05,1,2,.500,0,1,.000,1,1,1.000,.500,0,0,,2,0,2,1,0,0,0,1,2,2.7,-5,home,11.083333333333334,agbajoc01,Ochai Agbaji,2025-26
2026-01-03,TOR,ATL,"W, 134-117",,04:11,0,0,,0,0,,0,0,,,0,0,,0,0,0,0,1,0,0,1,0,0.6,-5,home,4.183333333333334,agbajoc01,Ochai Agbaji,2025-26
2026-01-05,TOR,ATL,"W, 118-100",,05:38,0,1,.000,0,1,.000,0,0,,.000,0,0,,0,1,1,1,0,0,0,0,0,0.3,6,home,5.633333333333333,agbajoc01,Ochai Agbaji,2025-26
2026-01-07,TOR,CHO,"W, 97-96",,11:48,1,3,.333,0,0,,1,3,.333,.333,0,0,,3,1,4,0,0,0,2,1,2,0.3,-12,away,11.8,agbajoc01,Ochai Agbaji,2025-26
2026-01-11,TOR,PHI,"W, 116-115 (OT)",,14:37,3,4,.750,0,1,.000,3,3,1.000,.750,0,0,,1,5,6,1,0,1,1,2,6,6.2,-2,home,14.616666666666667,agbajoc01,Ochai Agbaji,2025-26
2026-01-12,TOR,PHI,"L, 102-115",,01:57,0,1,.000,0,1,.000,0,0,,.000,0,0,,0,1,1,0,0,0,0,0,0,-0.4,4,home,1.95,agbajoc01,Ochai Agbaji,2025-26
2026-01-14,TOR,IND,"W, 115-101",,23:31,3,7,.429,2,5,.400,1,2,.500,.571,2,2,1.000,0,1,1,0,0,2,1,4,10,5.4,12,away,23.516666666666666,agbajoc01,Ochai Agbaji,2025-26
2026-01-16,TOR,LAC,"L, 117-121 (OT)",*,36:19,4,9,.444,3,7,.429,1,2,.500,.611,4,4,1.000,1,2,3,1,1,0,1,3,15,11.1,1,home,36.31666666666667,agbajoc01,Ochai Agbaji,2025-26
2026-01-18,TOR,LAL,"L, 93-110",*,24:40,0,5,.000,0,3,.000,0,2,.000,.000,0,0,,2,1,3,1,0,0,0,2,0,-1.9,3,away,24.666666666666668,agbajoc01,Ochai Agbaji,2025-26
2026-01-20,TOR,GSW,"W, 145-127",,11:52,2,6,.333,0,3,.000,2,3,.667,.333,0,0,,0,0,0,0,0,0,3,3,4,-3.6,3,away,11.866666666666667,agbajoc01,Ochai Agbaji,2025-26
2026-01-21,TOR,SAC,"W, 122-109",,19:37,2,4,.500,0,0,,2,4,.500,.500,0,0,,1,1,2,1,1,1,0,0,4,5.4,21,away,19.616666666666667,agbajoc01,Ochai Agbaji,2025-26
2026-01-23,TOR,POR,"W, 110-98",,21:31,5,8,.625,0,3,.000,5,5,1.000,.625,0,0,,2,2,4,1,1,1,1,2,10,9.0,3,away,21.516666666666666,agbajoc01,Ochai Agbaji,2025-26
2026-01-25,TOR,OKC,"W, 103-101",,14:38,2,2,1.000,0,0,,2,2,1.000,1.000,1,2,.500,3,0,3,1,0,0,1,2,5,5.0,-7,away,14.633333333333333,agbajoc01,Ochai Agbaji,2025-26
2026-01-28,TOR,NYK,"L, 92-119",,02:28,0,0,,0,0,,0,0,,,0,0,,0,0,0,0,0,0,0,1,0,-0.4,-10,home,2.466666666666667,agbajoc01,Ochai Agbaji,2025-26
2026-01-30,TOR,ORL,"L, 120-130",,03:09,0,0,,0,0,,0,0,,,0,0,,0,1,1,0,0,0,1,0,0,-0.7,1,away,3.15,agbajoc01,Ochai Agbaji,2025-26
2026-02-01,TOR,UTA,"W, 107-100",,02:28,0,2,.000,0,1,.000,0,1,.000,.000,0,0,,0,1,1,0,0,0,0,0,0,-1.1,1,home,2.466666666666667,agbajoc01,Ochai Agbaji,2025-26
2026-02-11,BRK,IND,"L, 110-115",,16:29,0,3,.000,0,0,,0,3,.000,.000,0,0,,3,3,6,2,0,1,0,0,0,3.0,-17,home,16.483333333333334,agbajoc01,Ochai Agbaji,2025-26
2026-02-19,BRK,CLE,"L, 84-112",,28:04,5,8,.625,3,6,.500,2,2,1.000,.813,0,0,,0,3,3,3,0,1,0,2,13,12.3,-4,away,28.066666666666663,agbajoc01,Ochai Agbaji,2025-26
2026-02-20,BRK,OKC,"L, 86-105",,10:53,1,6,.167,1,3,.333,0,3,.000,.250,1,2,.500,0,1,1,0,0,0,2,0,4,-1.9,-10,away,10.883333333333333,agbajoc01,Ochai Agbaji,2025-26
2026-02-22,BRK,ATL,"L, 104-115",,14:09,2,4,.500,2,3,.667,0,1,.000,.750,0,0,,0,1,1,1,0,1,1,1,6,4.3,1,away,14.15,agbajoc01,Ochai Agbaji,2025-26
2026-02-24,BRK,DAL,"L, 114-123",,16:33,3,5,.600,3,4,.750,0,1,.000,.900,0,0,,1,2,3,2,1,0,0,1,9,10.0,-7,home,16.55,agbajoc01,Ochai Agbaji,2025-26
2026-02-26,BRK,SAS,"L, 110-126",,16:24,0,3,.000,0,3,.000,0,0,,.000,0,0,,0,2,2,1,0,0,0,0,0,-0.8,-13,home,16.4,agbajoc01,Ochai Agbaji,2025-26
2026-02-27,BRK,BOS,"L, 111-148",,07:47,3,3,1.000,2,2,1.000,1,1,1.000,1.333,0,0,,1,0,1,1,0,0,0,0,8,8.5,-1,away,7.783333333333333,agbajoc01,Ochai Agbaji,2025-26
2026-03-03,BRK,MIA,"L, 98-124",,02:49,0,1,.000,0,1,.000,0,0,,.000,0,0,,0,0,0,0,0,0,1,0,0,-1.7,-1,away,2.8166666666666664,agbajoc01,Ochai Agbaji,2025-26
2026-03-05,BRK,MIA,"L, 110-126",,10:01,3,6,.500,0,3,.000,3,3,1.000,.500,0,0,,0,0,0,0,1,0,1,2,6,2.2,-16,away,10.016666666666667,agbajoc01,Ochai Agbaji,2025-26
2026-03-07,BRK,DET,"W, 107-105",,20:32,3,5,.600,0,1,.000,3,4,.750,.600,0,0,,1,3,4,0,0,2,1,1,6,5.3,-7,away,20.53333333333333,agbajoc01,Ochai Agbaji,2025-26
2026-03-09,BRK,MEM,"W, 126-115",,22:22,8,9,.889,2,3,.667,6,6,1.000,1.000,0,0,,1,2,3,1,2,1,2,1,18,17.2,14,home,22.366666666666667,agbajoc01,Ochai Agbaji,2025-26
2026-03-16,BRK,POR,"L, 95-114",,24:32,3,6,.500,1,4,.250,2,2,1.000,.583,1,2,.500,1,3,4,1,2,0,1,2,8,7.1,1,home,24.53333333333333,agbajoc01,Ochai Agbaji,2025-26
2026-03-18,BRK,OKC,"L, 92-121",,19:41,3,9,.333,2,6,.333,1,3,.333,.444,2,2,1.000,0,2,2,0,0,0,2,2,10,2.7,-15,home,19.683333333333334,agbajoc01,Ochai Agbaji,2025-26
2026-03-20,BRK,NYK,"L, 92-93",,23:54,3,10,.300,2,7,.286,1,3,.333,.400,0,0,,1,3,4,1,0,0,0,0,8,4.5,13,home,23.9,agbajoc01,Ochai Agbaji,2025-26
2026-03-22,BRK,SAC,"L, 122-126",,09:19,1,1,1.000,0,0,,1,1,1.000,1.000,1,1,1.000,1,0,1,1,0,0,0,1,3,3.7,-6,away,9.316666666666666,agbajoc01,Ochai Agbaji,2025-26
2026-03-23,BRK,POR,"L, 99-134",,06:13,0,1,.000,0,1,.000,0,0,,.000,0,1,.000,0,0,0,0,0,0,1,0,0,-2.1,-15,away,6.216666666666667,agbajoc01,Ochai Agbaji,2025-26
2026-03-27,BRK,LAL,"L, 99-116",,21:00,1,6,.167,0,4,.000,1,2,.500,.167,0,0,,2,3,5,1,0,0,0,2,2,0.4,-1,away,21.0,agbajoc01,Ochai Agbaji,2025-26
2026-03-29,BRK,SAC,"W, 116-99",,25:05,6,11,.545,2,6,.333,4,5,.800,.636,4,4,1.000,0,1,1,0,0,0,0,1,18,12.6,20,home,25.08333333333333,agbajoc01,Ochai Agbaji,2025-26
2026-03-31,BRK,CHO,"L, 86-117",,09:05,0,2,.000,0,2,.000,0,0,,.000,2,2,1.000,0,1,1,0,0,0,0,1,2,0.5,-4,home,9.083333333333334,agbajoc01,Ochai Agbaji,2025-26
2026-04-05,BRK,WAS,"W, 121-115",,18:18,5,11,.455,2,4,.500,3,7,.429,.545,0,0,,1,3,4,2,1,0,0,1,12,9.9,-2,home,18.3,agbajoc01,Ochai Agbaji,2025-26
2025-10-22,CLE,NYK,"L, 111-119",,23:29,1,7,.143,1,7,.143,0,0,,.214,0,0,,1,3,4,6,0,0,4,0,3,0.3,-3,away,23.48333333333333,balllo01,Lonzo Ball,2025-26
2025-10-24,CLE,BRK,"W, 131-124",,22:30,0,4,.000,0,2,.000,0,2,.000,.000,2,2,1.000,0,2,2,8,2,0,2,0,2,5.4,0,away,22.5,balllo01,Lonzo Ball,2025-26
2025-10-26,CLE,MIL,"W, 118-113",,23:08,4,7,.571,2,4,.500,2,3,.667,.714,1,3,.333,3,3,6,5,1,0,3,1,11,11.0,-5,home,23.133333333333333,balllo01,Lonzo Ball,2025-26
2025-10-29,CLE,BOS,"L, 105-125",,24:23,1,5,.200,1,5,.200,0,0,,.300,0,0,,0,3,3,5,1,0,2,1,3,2.9,1,away,24.383333333333333,balllo01,Lonzo Ball,2025-26
2025-10-31,CLE,TOR,"L, 101-112",*,25:57,3,7,.429,2,4,.500,1,3,.333,.571,0,0,,1,4,5,5,1,0,2,0,8,8.7,5,home,25.95,balllo01,Lonzo Ball,2025-26
2025-11-02,CLE,ATL,"W, 117-109",,26:32,3,8,.375,2,6,.333,1,2,.500,.500,0,0,,3,3,6,3,1,0,4,5,8,3.7,6,home,26.53333333333333,balllo01,Lonzo Ball,2025-26
2025-11-05,CLE,PHI,"W, 132-121",,22:44,0,3,.000,0,3,.000,0,0,,.000,0,0,,0,1,1,8,1,1,1,3,0,3.3,3,home,22.73333333333333,balllo01,Lonzo Ball,2025-26
2025-11-08,CLE,CHI,"W, 128-122",,22:19,1,4,.250,0,3,.000,1,1,1.000,.250,0,0,,0,4,4,4,0,0,0,4,2,2.0,-8,home,22.316666666666663,balllo01,Lonzo Ball,2025-26
2025-11-10,CLE,MIA,"L, 138-140 (OT)",,19:31,3,7,.429,3,7,.429,0,0,,.643,0,0,,2,2,4,2,1,0,0,3,9,8.5,4,away,19.516666666666666,balllo01,Lonzo Ball,2025-26
2025-11-12,CLE,MIA,"W, 130-116",*,20:29,4,8,.500,4,7,.571,0,1,.000,.750,3,3,1.000,2,0,2,8,1,1,3,1,15,16.3,-9,away,20.48333333333333,balllo01,Lonzo Ball,2025-26
2025-11-15,CLE,MEM,"W, 108-100",,22:02,3,5,.600,3,5,.600,0,0,,.900,0,0,,2,5,7,5,2,0,5,2,9,9.3,16,home,22.03333333333333,balllo01,Lonzo Ball,2025-26
2025-11-17,CLE,MIL,"W, 118-106",,23:04,2,8,.250,1,6,.167,1,2,.500,.313,1,2,.500,0,5,5,5,2,0,1,4,6,5.2,11,home,23.066666666666663,balllo01,Lonzo Ball,2025-26
2025-11-19,CLE,HOU,"L, 104-114",,25:00,2,8,.250,2,8,.250,0,0,,.375,1,2,.500,0,2,2,2,1,1,0,1,7,5.1,1,home,25.0,balllo01,Lonzo Ball,2025-26
2025-11-21,CLE,IND,"W, 120-109",,25:18,0,2,.000,0,2,.000,0,0,,.000,0,0,,0,7,7,5,0,1,1,4,0,2.3,12,home,25.3,balllo01,Lonzo Ball,2025-26
2025-11-24,CLE,TOR,"L, 99-110",*,34:03,3,15,.200,2,12,.167,1,3,.333,.267,0,0,,0,7,7,7,2,1,2,1,8,6.0,-7,away,34.05,balllo01,Lonzo Ball,2025-26
2025-11-28,CLE,ATL,"L, 123-130",,16:41,1,4,.250,1,4,.250,0,0,,.375,0,0,,1,4,5,4,0,0,1,0,3,4.3,-5,away,16.683333333333334,balllo01,Lonzo Ball,2025-26
2025-12-03,CLE,POR,"L, 110-122",,23:57,1,9,.111,1,8,.125,0,1,.000,.167,0,0,,2,5,7,2,2,0,0,1,3,3.0,-2,home,23.95,balllo01,Lonzo Ball,2025-26
2025-12-05,CLE,SAS,"W, 130-117",,22:27,1,2,.500,0,1,.000,1,1,1.000,.500,0,0,,0,6,6,5,3,0,2,1,2,6.9,1,home,22.45,balllo01,Lonzo Ball,2025-26
2025-12-12,CLE,WAS,"W, 130-126",,24:04,1,6,.167,1,5,.200,0,1,.000,.250,2,2,1.000,1,2,3,2,3,1,0,0,5,7.6,26,away,24.066666666666663,balllo01,Lonzo Ball,2025-26
2025-12-14,CLE,CHO,"L, 111-119 (OT)",,31:54,3,8,.375,1,5,.200,2,3,.667,.438,1,2,.500,2,3,5,4,5,0,2,0,8,11.3,-1,home,31.9,balllo01,Lonzo Ball,2025-26
2025-12-17,CLE,CHI,"L, 111-127",,17:25,1,5,.200,0,4,.000,1,1,1.000,.200,0,0,,2,5,7,1,1,0,3,0,2,0.5,-8,away,17.416666666666668,balllo01,Lonzo Ball,2025-26
2025-12-19,CLE,CHI,"L, 125-136",,28:06,3,4,.750,1,2,.500,2,2,1.000,.875,1,2,.500,2,1,3,8,2,0,1,2,8,13.5,-11,home,28.1,balllo01,Lonzo Ball,2025-26
2025-12-22,CLE,CHO,"W, 139-132",,23:49,2,5,.400,2,4,.500,0,1,.000,.600,0,0,,0,2,2,7,1,0,1,1,6,8.4,11,home,23.816666666666663,balllo01,Lonzo Ball,2025-26
2025-12-25,CLE,NYK,"L, 124-126",,13:39,0,1,.000,0,1,.000,0,0,,.000,0,0,,0,1,1,3,0,0,1,1,0,0.3,2,away,13.65,balllo01,Lonzo Ball,2025-26
2025-12-27,CLE,HOU,"L, 100-117",,18:18,0,2,.000,0,2,.000,0,0,,.000,2,2,1.000,1,0,1,0,2,0,0,1,2,2.9,4,away,18.3,balllo01,Lonzo Ball,2025-26
2026-01-02,CLE,DEN,"W, 113-108",,14:46,2,3,.667,2,3,.667,0,0,,1.000,0,0,,0,3,3,2,0,2,0,0,6,8.4,11,home,14.766666666666667,balllo01,Lonzo Ball,2025-26
2026-01-04,CLE,DET,"L, 110-114",,09:40,0,1,.000,0,1,.000,0,0,,.000,0,0,,0,2,2,2,1,0,2,0,0,0.3,-18,home,9.666666666666666,balllo01,Lonzo Ball,2025-26
2026-01-14,CLE,PHI,"W, 133-107",,14:05,3,6,.500,3,6,.500,0,0,,.750,0,0,,0,4,4,4,0,0,1,0,9,9.0,5,away,14.083333333333334,balllo01,Lonzo Ball,2025-26
2026-01-16,CLE,PHI,"W, 117-115",,11:38,0,3,.000,0,2,.000,0,1,.000,.000,0,0,,0,3,3,1,1,0,0,0,0,0.5,-1,away,11.633333333333333,balllo01,Lonzo Ball,2025-26
2026-01-19,CLE,OKC,"L, 104-136",,05:21,1,4,.250,1,4,.250,0,0,,.375,0,0,,0,0,0,1,0,0,1,1,3,-0.1,-1,home,5.35,balllo01,Lonzo Ball,2025-26
2026-01-24,CLE,ORL,"W, 119-105",,24:33,2,4,.500,2,4,.500,0,0,,.750,0,0,,0,8,8,2,3,0,1,4,6,8.2,5,away,24.55,balllo01,Lonzo Ball,2025-26
2026-01-26,CLE,ORL,"W, 114-98",,13:53,0,1,.000,0,1,.000,0,0,,.000,0,0,,0,1,1,1,1,1,1,2,0,0.2,-1,home,13.883333333333333,balllo01,Lonzo Ball,2025-26
2026-01-28,CLE,LAL,"W, 129-99",,12:00,0,0,,0,0,,0,0,,,0,0,,0,5,5,2,0,0,2,1,0,0.5,8,home,12.0,balllo01,Lonzo Ball,2025-26
2026-01-30,CLE,PHO,"L, 113-126",,24:33,1,8,.125,1,7,.143,0,1,.000,.188,0,1,.000,1,5,6,5,3,0,3,0,3,3.1,-10,away,24.55,balllo01,Lonzo Ball,2025-26
2026-02-01,CLE,POR,"W, 130-111",,16:26,1,2,.500,1,2,.500,0,0,,.750,0,0,,0,3,3,2,1,0,0,1,3,4.9,-10,away,16.433333333333334,balllo01,Lonzo Ball,2025-26
2026-01-20,LAC,CHI,"L, 110-138",,05:18,0,1,.000,0,1,.000,0,0,,.000,2,2,1.000,0,0,0,0,0,0,0,1,2,0.9,0,away,5.3,baldwpa01,Patrick Baldwin Jr.,2025-26
2026-01-25,LAC,BRK,"W, 126-89",,06:56,3,3,1.000,2,2,1.000,1,1,1.000,1.333,0,0,,0,1,1,0,0,0,1,1,8,6.0,2,home,6.933333333333334,baldwpa01,Patrick Baldwin Jr.,2025-26
2026-02-09,PHI,POR,"L, 118-135",,02:20,0,0,,0,0,,0,0,,,0,0,,0,1,1,0,0,0,0,0,0,0.3,7,away,2.333333333333333,baldwpa01,Patrick Baldwin Jr.,2025-26
2026-02-25,SAC,HOU,"L, 97-128",,21:03,2,6,.333,0,2,.000,2,4,.500,.333,1,2,.500,3,0,3,1,1,0,1,4,5,2.4,-24,away,21.05,baldwpa01,Patrick Baldwin Jr.,2025-26
2026-02-26,SAC,DAL,"W, 130-121",,05:37,0,1,.000,0,0,,0,1,.000,.000,1,2,.500,0,1,1,0,0,0,0,1,1,-0.2,6,away,5.616666666666667,baldwpa01,Patrick Baldwin Jr.,2025-26
2026-03-01,SAC,LAL,"L, 104-128",,11:00,1,2,.500,1,1,1.000,0,1,.000,.750,0,0,,2,4,6,1,1,3,1,1,3,7.0,4,away,11.0,baldwpa01,Patrick Baldwin Jr.,2025-26
2026-03-05,SAC,NOP,"L, 123-133",,05:55,0,3,.000,0,3,.000,0,0,,.000,0,0,,1,0,1,0,0,0,0,1,0,-1.8,-7,home,5.916666666666667,baldwpa01,Patrick Baldwin Jr.,2025-26
2026-03-22,SAC,BRK,"W, 126-122",,16:35,3,5,.600,2,2,1.000,1,3,.333,.800,1,1,1.000,4,2,6,2,0,1,0,5,9,10.2,1,home,16.583333333333332,baldwpa01,Patrick Baldwin Jr.,2025-26
2026-03-24,SAC,CHO,"L, 90-134",*,27:44,2,6,.333,1,3,.333,1,3,.333,.417,0,0,,2,2,4,1,1,1,2,1,5,3.6,-28,away,27.73333333333333,baldwpa01,Patrick Baldwin Jr.,2025-26
2026-03-31,MIL,DAL,"W, 123-99",,02:48,0,1,.000,0,1,.000,0,0,,.000,3,4,.750,0,0,0,0,0,0,0,0,3,1.9,-2,home,2.8,antetal01,Alex Antetokounmpo,2025-26
2026-04-01,MIL,HOU,"L, 113-119",,04:07,0,0,,0,0,,0,0,,,0,0,,0,0,0,0,0,0,0,0,0,0.0,1,away,4.116666666666666,antetal01,Alex Antetokounmpo,2025-26
2026-04-03,MIL,BOS,"L, 101-133",,04:27,0,2,.000,0,2,.000,0,0,,.000,1,2,.500,1,0,1,0,0,0,0,0,1,-0.1,0,home,4.45,antetal01,Alex Antetokounmpo,2025-26
2026-04-05,MIL,MEM,"W, 131-115",,00:57,1,1,1.000,0,0,,1,1,1.000,1.000,0,0,,0,0,0,1,0,0,0,0,2,2.4,-2,home,0.95,antetal01,Alex Antetokounmpo,2025-26
2026-04-08,MIL,DET,"L, 111-137",,04:06,0,1,.000,0,1,.000,0,0,,.000,5,7,.714,1,2,3,0,0,1,0,0,5,5.5,2,away,4.1,antetal01,Alex Antetokounmpo,2025-26
2026-04-12,MIL,PHI,"L, 106-126",,04:13,2,3,.667,2,3,.667,0,0,,1.000,2,2,1.000,0,2,2,0,0,0,1,1,8,5.9,6,away,4.216666666666667,antetal01,Alex Antetokounmpo,2025-26
2025-12-29,TOR,ORL,"W, 107-106",,04:18,0,0,,0,0,,0,0,,,0,0,,0,0,0,0,0,1,0,2,0,-0.1,-9,home,4.3,bambamo01,Mo Bamba,2025-26
2026-01-03,TOR,ATL,"W, 134-117",,01:33,0,2,.000,0,0,,0,2,.000,.000,0,0,,1,1,2,0,0,0,0,0,0,-0.4,0,home,1.55,bambamo01,Mo Bamba,2025-26
2026-03-04,UTA,PHI,"L, 102-106",,20:52,2,3,.667,0,0,,2,3,.667,.667,0,0,,3,5,8,1,0,2,2,1,4,6.0,-7,away,20.866666666666667,bambamo01,Mo Bamba,2025-26
2026-03-05,UTA,WAS,"W, 122-112",,17:05,3,6,.500,0,0,,3,6,.500,.500,0,0,,6,6,12,0,0,0,0,3,6,7.8,3,away,17.083333333333332,bambamo01,Mo Bamba,2025-26
2025-10-22,MIL,WAS,"W, 133-120",,01:42,0,1,.000,0,0,,0,1,.000,.000,0,0,,0,0,0,0,0,0,0,0,0,-0.7,-2,home,1.7,antetth01,Thanasis Antetokounmpo,2025-26
2025-11-12,MIL,CHO,"L, 100-111",,04:10,1,1,1.000,0,0,,1,1,1.000,1.000,0,0,,0,0,0,0,0,2,0,1,2,2.7,10,away,4.166666666666667,antetth01,Thanasis Antetokounmpo,2025-26
2025-11-14,MIL,CHO,"W, 147-134 (OT)",,00:08,0,0,,0,0,,0,0,,,0,0,,0,0,0,0,0,0,0,0,0,0.0,0,home,0.1333333333333333,antetth01,Thanasis Antetokounmpo,2025-26
2025-11-15,MIL,LAL,"L, 95-119",,03:05,0,0,,0,0,,0,0,,,0,0,,0,1,1,0,1,0,0,0,0,1.3,-2,home,3.083333333333333,antetth01,Thanasis Antetokounmpo,2025-26
2025-11-22,MIL,DET,"L, 116-129",,02:22,0,0,,0,0,,0,0,,,2,2,1.000,0,0,0,0,0,1,0,2,2,1.9,4,home,2.3666666666666667,antetth01,Thanasis Antetokounmpo,2025-26
2025-11-24,MIL,POR,"L, 103-115",,03:18,1,1,1.000,0,0,,1,1,1.000,1.000,1,1,1.000,1,0,1,0,1,0,0,0,3,4.4,6,home,3.3,antetth01,Thanasis Antetokounmpo,2025-26
2025-11-29,MIL,BRK,"W, 116-99",,02:58,1,1,1.000,0,0,,1,1,1.000,1.000,0,0,,0,0,0,0,0,0,0,1,2,1.3,-7,home,2.966666666666667,antetth01,Thanasis Antetokounmpo,2025-26
2025-12-05,MIL,PHI,"L, 101-116",,00:50,1,1,1.000,0,0,,1,1,1.000,1.000,0,0,,0,0,0,0,0,0,0,0,2,1.7,2,home,0.8333333333333334,antetth01,Thanasis Antetokounmpo,2025-26
2025-12-06,MIL,DET,"L, 112-124",,04:46,2,3,.667,0,0,,2,3,.667,.667,3,6,.500,1,1,2,0,1,0,1,3,7,4.3,13,away,4.766666666666667,antetth01,Thanasis Antetokounmpo,2025-26
2025-12-11,MIL,BOS,"W, 116-101",,01:53,0,1,.000,0,0,,0,1,.000,.000,0,0,,0,0,0,0,0,0,0,0,0,-0.7,-3,home,1.8833333333333333,antetth01,Thanasis Antetokounmpo,2025-26
2025-12-26,MIL,MEM,"L, 104-125",,03:26,0,0,,0,0,,0,0,,,0,0,,0,1,1,0,0,0,0,0,0,0.3,-2,away,3.4333333333333336,antetth01,Thanasis Antetokounmpo,2025-26
2026-01-13,MIL,MIN,"L, 106-139",,07:48,1,3,.333,0,0,,1,3,.333,.333,0,0,,1,0,1,0,2,0,1,0,2,2.0,5,home,7.8,antetth01,Thanasis Antetokounmpo,2025-26
2026-01-15,MIL,SAS,"L, 101-119",,03:50,1,1,1.000,0,0,,1,1,1.000,1.000,0,0,,0,0,0,1,1,0,1,0,2,2.4,9,away,3.8333333333333335,antetth01,Thanasis Antetokounmpo,2025-26
2026-01-21,MIL,OKC,"L, 102-122",,02:28,0,1,.000,0,1,.000,0,0,,.000,0,0,,0,0,0,0,0,0,0,1,0,-1.1,-5,home,2.466666666666667,antetth01,Thanasis Antetokounmpo,2025-26
2026-01-27,MIL,PHI,"L, 122-139",,02:23,0,0,,0,0,,0,0,,,0,0,,0,1,1,0,0,0,0,0,0,0.3,-3,away,2.3833333333333333,antetth01,Thanasis Antetokounmpo,2025-26
2026-02-01,MIL,BOS,"L, 79-107",,02:32,0,0,,0,0,,0,0,,,0,0,,1,1,2,0,0,0,0,0,0,1.0,0,away,2.533333333333333,antetth01,Thanasis Antetokounmpo,2025-26
2026-02-03,MIL,CHI,"W, 131-115",,02:21,0,1,.000,0,0,,0,1,.000,.000,0,2,.000,2,0,2,0,0,0,0,0,0,-0.1,-4,home,2.35,antetth01,Thanasis Antetokounmpo,2025-26
2026-02-09,MIL,ORL,"L, 99-118",,03:38,0,0,,0,0,,0,0,,,0,0,,1,0,1,1,0,0,0,1,0,1.0,2,away,3.633333333333333,antetth01,Thanasis Antetokounmpo,2025-26
2026-02-12,MIL,OKC,"W, 110-93",,03:10,0,0,,0,0,,0,0,,,0,0,,0,1,1,0,0,0,0,0,0,0.3,-5,away,3.1666666666666665,antetth01,Thanasis Antetokounmpo,2025-26
2026-02-20,MIL,NOP,"W, 139-118",,02:27,0,0,,0,0,,0,0,,,2,2,1.000,0,1,1,1,0,0,0,0,2,3.0,2,away,2.45,antetth01,Thanasis Antetokounmpo,2025-26
2026-02-22,MIL,TOR,"L, 94-122",,04:24,1,1,1.000,0,0,,1,1,1.000,1.000,1,1,1.000,1,0,1,0,0,0,0,0,3,3.4,-6,home,4.4,antetth01,Thanasis Antetokounmpo,2025-26
2026-02-27,MIL,NYK,"L, 98-127",,04:32,0,1,.000,0,1,.000,0,0,,.000,1,2,.500,0,0,0,0,1,0,0,0,1,0.9,1,home,4.533333333333333,antetth01,Thanasis Antetokounmpo,2025-26
2026-03-02,MIL,BOS,"L, 81-108",,01:52,0,0,,0,0,,0,0,,,0,0,,0,0,0,0,0,0,0,1,0,-0.4,-1,home,1.8666666666666667,antetth01,Thanasis Antetokounmpo,2025-26
2026-03-04,MIL,ATL,"L, 113-131",,01:33,0,1,.000,0,0,,0,1,.000,.000,0,0,,0,0,0,0,1,1,0,0,0,1.0,2,home,1.55,antetth01,Thanasis Antetokounmpo,2025-26
2026-03-08,MIL,ORL,"L, 91-130",,09:22,1,1,1.000,0,0,,1,1,1.000,1.000,2,4,.500,1,2,3,1,1,0,1,0,4,4.9,-8,home,9.366666666666667,antetth01,Thanasis Antetokounmpo,2025-26
2026-03-14,MIL,ATL,"L, 99-122",,04:07,0,0,,0,0,,0,0,,,0,0,,0,1,1,0,0,1,0,0,0,1.0,1,away,4.116666666666666,antetth01,Thanasis Antetokounmpo,2025-26
2026-03-15,MIL,IND,"W, 134-123",,00:57,0,0,,0,0,,0,0,,,0,0,,0,0,0,0,0,0,0,0,0,0.0,1,home,0.95,antetth01,Thanasis Antetokounmpo,2025-26
2026-03-19,MIL,UTA,"L, 96-128",,07:43,1,2,.500,0,0,,1,2,.500,.500,2,2,1.000,1,2,3,1,0,0,1,0,4,4.0,-2,away,7.716666666666667,antetth01,Thanasis Antetokounmpo,2025-26
2026-03-23,MIL,LAC,"L, 96-129",,07:34,0,1,.000,0,0,,0,1,.000,.000,0,0,,0,2,2,2,0,0,1,2,0,-0.5,10,away,7.566666666666666,antetth01,Thanasis Antetokounmpo,2025-26
2026-03-25,MIL,POR,"L, 99-130",,08:16,0,1,.000,0,0,,0,1,.000,.000,1,2,.500,0,3,3,2,1,0,2,1,1,0.8,-11,away,8.266666666666667,antetth01,Thanasis Antetokounmpo,2025-26
2026-04-03,MIL,BOS,"L, 101-133",,05:12,0,1,.000,0,1,.000,0,0,,.000,0,0,,0,1,1,0,1,0,1,1,0,-0.8,-2,home,5.2,antetth01,Thanasis Antetokounmpo,2025-26
2026-04-05,MIL,MEM,"W, 131-115",,01:53,1,1,1.000,0,0,,1,1,1.000,1.000,0,2,.000,0,0,0,0,1,0,0,0,2,1.9,0,home,1.8833333333333333,antetth01,Thanasis Antetokounmpo,2025-26
2026-04-08,MIL,DET,"L, 111-137",,04:06,0,1,.000,0,1,.000,0,0,,.000,0,0,,0,0,0,0,0,0,0,0,0,-0.7,2,away,4.1,antetth01,Thanasis Antetokounmpo,2025-26
2026-04-12,MIL,PHI,"L, 106-126",,27:10,3,6,.500,0,0,,3,6,.500,.500,2,4,.500,2,0,2,6,1,1,1,4,8,8.9,-2,away,27.166666666666668,antetth01,Thanasis Antetokounmpo,2025-26
